DateTime,Humidity Change 12 hours before,Precipation Rate,Scaled Humidity
2020:01:01:00,,,10
2020:01:01:06,10,0,20
2020:01:01:12,-4,0,6
2020:01:01:18,-23,0,-3
2020:01:02:00,11,0,17
2020:01:02:06,23,15,20
2020:01:02:12,-22,0,-5
2020:01:02:18,-8,0,12
2020:01:03:00,15,0,10
2020:01:03:06,8,0,20
2020:01:03:12,-8,0,2
2020:01:03:18,0,0,20
2020:01:04:00,12,0,14
2020:01:04:06,0,15,20
2020:01:04:12,-15,0,-1
2020:01:04:18,0,0,20
2020:01:05:00,-12,0,-13
2020:01:05:06,-15,0,5
2020:01:05:12,-22,0,-35
2020:01:05:18,-13,0,-8
2020:01:06:00,23,0,-12
2020:01:06:06,24,0,16
2020:01:06:12,6,0,-6
2020:01:06:18,-6,0,10
2020:01:07:00,20,0,14
2020:01:07:06,10,0,20
2020:01:07:12,-10,0,4
2020:01:07:18,-18,0,2
2020:01:08:00,-8,0,-4
2020:01:08:06,18,0,20
2020:01:08:12,4,0,0
2020:01:08:18,-15,0,5
2020:01:09:00,16,0,16
2020:01:09:06,12,0,17
2020:01:09:12,-25,0,-9
2020:01:09:18,-11,0,6
2020:01:10:00,25,0,16
2020:01:10:06,14,30,20
2020:01:10:12,-9,75,7
2020:01:10:18,-7,0,13
2020:01:11:00,2,0,9
2020:01:11:06,-1,0,12
2020:01:11:12,-22,0,-13
2020:01:11:18,-16,0,-4
2020:01:12:00,33,0,20
2020:01:12:06,24,0,20
2020:01:12:12,-33,0,-13
2020:01:12:18,-29,0,-9
2020:01:13:00,8,0,-5
2020:01:13:06,29,15,20
2020:01:13:12,-8,0,-13
2020:01:13:18,-23,0,-3
2020:01:14:00,12,0,-1
2020:01:14:06,10,0,7
2020:01:14:12,-13,0,-14
2020:01:14:18,-7,0,0
2020:01:15:00,17,0,3
2020:01:15:06,11,0,11
2020:01:15:12,-28,0,-25
2020:01:15:18,-16,0,-5
2020:01:16:00,40,0,15
2020:01:16:06,19,0,14
2020:01:16:12,-21,0,-6
2020:01:16:18,-13,0,1
2020:01:17:00,3,0,-3
2020:01:17:06,-2,0,-1
2020:01:17:12,-7,0,-10
2020:01:17:18,-2,0,-3
2020:01:18:00,6,0,-4
2020:01:18:06,12,0,9
2020:01:18:12,-12,15,-16
2020:01:18:18,-6,555,3
2020:01:19:00,32,765,16
2020:01:19:06,16,1740,19
2020:01:19:12,-32,0,-16
2020:01:19:18,-29,0,-10
2020:01:20:00,-2,855,-18
2020:01:20:06,15,5655,5
2020:01:20:12,15,6090,-3
2020:01:20:18,14,6450,19
2020:01:21:00,14,7050,11
2020:01:21:06,1,5475,20
2020:01:21:12,9,5640,20
2020:01:21:18,-7,2070,13
2020:01:22:00,0,420,20
2020:01:22:06,3,1140,16
2020:01:22:12,0,2745,20
2020:01:22:18,4,540,20
2020:01:23:00,0,390,20
2020:01:23:06,0,105,20
2020:01:23:12,-2,0,18
2020:01:23:18,-2,0,18
2020:01:24:00,-8,0,10
2020:01:24:06,-4,0,14
2020:01:24:12,6,30,16
2020:01:24:18,-2,15,12
2020:01:25:00,-1,60,15
2020:01:25:06,8,240,20
2020:01:25:12,3,225,18
2020:01:25:18,-7,120,13
2020:01:26:00,2,90,20
2020:01:26:06,7,375,20
2020:01:26:12,0,270,20
2020:01:26:18,0,105,20
2020:01:27:00,-15,15,5
2020:01:27:06,-11,0,9
2020:01:27:12,9,0,14
2020:01:27:18,3,0,12
2020:01:28:00,3,0,17
2020:01:28:06,7,0,19
2020:01:28:12,-15,0,2
2020:01:28:18,-11,0,8
2020:01:29:00,4,0,6
2020:01:29:06,5,0,13
2020:01:29:12,-8,0,-2
2020:01:29:18,-7,0,6
2020:01:30:00,15,0,13
2020:01:30:06,9,0,15
2020:01:30:12,-10,0,3
2020:01:30:18,-2,0,13
2020:01:31:00,14,0,17
2020:01:31:06,7,0,20
2020:01:31:12,-7,0,10
2020:01:31:18,-12,0,8
2020:02:01:00,-5,0,5
2020:02:01:06,10,0,18
2020:02:01:12,1,0,6
2020:02:01:18,-4,0,14
2020:02:02:00,1,0,7
2020:02:02:06,-1,15,13
2020:02:02:12,-11,0,-4
2020:02:02:18,-12,0,1
2020:02:03:00,-2,0,-6
2020:02:03:06,19,15,20
2020:02:03:12,-13,0,-19
2020:02:03:18,-43,0,-23
2020:02:04:00,25,0,6
2020:02:04:06,43,0,20
2020:02:04:12,-16,0,-10
2020:02:04:18,-18,0,2
2020:02:05:00,17,0,7
2020:02:05:06,10,0,12
2020:02:05:12,-25,0,-18
2020:02:05:18,-24,0,-12
2020:02:06:00,3,0,-15
2020:02:06:06,28,0,16
2020:02:06:12,-6,0,-21
2020:02:06:18,-15,0,1
2020:02:07:00,32,0,11
2020:02:07:06,17,0,18
2020:02:07:12,-20,0,-9
2020:02:07:18,-24,0,-6
2020:02:08:00,13,0,4
2020:02:08:06,26,45,20
2020:02:08:12,0,0,4
2020:02:08:18,-20,0,0
2020:02:09:00,4,0,8
2020:02:09:06,14,0,14
2020:02:09:12,-12,0,-4
2020:02:09:18,-10,0,4
2020:02:10:00,8,0,4
2020:02:10:06,6,0,10
2020:02:10:12,-11,0,-7
2020:02:10:18,-11,0,-1
2020:02:11:00,12,0,5
2020:02:11:06,15,0,14
2020:02:11:12,-7,0,-2
2020:02:11:18,-13,0,1
2020:02:12:00,13,0,11
2020:02:12:06,17,0,18
2020:02:12:12,-15,375,-4
2020:02:12:18,-22,225,-4
2020:02:13:00,16,615,12
2020:02:13:06,22,15,18
2020:02:13:12,-12,0,0
2020:02:13:18,-12,0,6
2020:02:14:00,20,0,20
2020:02:14:06,9,0,15
2020:02:14:12,-27,0,-7
2020:02:14:18,-30,0,-15
2020:02:15:00,8,0,1
2020:02:15:06,35,15,20
2020:02:15:12,-13,0,-12
2020:02:15:18,-25,0,-5
2020:02:16:00,12,0,0
2020:02:16:06,16,0,11
2020:02:16:12,-33,0,-33
2020:02:16:18,-23,0,-12
2020:02:17:00,24,0,-9
2020:02:17:06,25,0,13
2020:02:17:12,10,0,1
2020:02:17:18,-10,0,3
2020:02:18:00,14,0,15
2020:02:18:06,17,0,20
2020:02:18:12,-30,0,-15
2020:02:18:18,-34,0,-14
2020:02:19:00,29,0,14
2020:02:19:06,30,0,16
2020:02:19:12,-28,0,-14
2020:02:19:18,-37,0,-21
2020:02:20:00,18,0,4
2020:02:20:06,41,0,20
2020:02:20:12,-25,0,-21
2020:02:20:18,-45,0,-25
2020:02:21:00,23,0,2
2020:02:21:06,40,0,15
2020:02:21:12,-21,0,-19
2020:02:21:18,-37,0,-22
2020:02:22:00,7,0,-12
2020:02:22:06,36,0,14
2020:02:22:12,-4,0,-16
2020:02:22:18,-33,0,-19
2020:02:23:00,-11,0,-27
2020:02:23:06,5,0,-14
2020:02:23:12,3,0,-24
2020:02:23:18,-7,0,-21
2020:02:24:00,13,0,-11
2020:02:24:06,41,15,20
2020:02:24:12,-22,0,-33
2020:02:24:18,-35,0,-15
2020:02:25:00,32,0,-1
2020:02:25:06,30,15,15
2020:02:25:12,-13,0,-14
2020:02:25:18,-11,0,4
2020:02:26:00,27,0,13
2020:02:26:06,8,0,12
2020:02:26:12,-27,0,-14
2020:02:26:18,-28,0,-16
2020:02:27:00,33,0,19
2020:02:27:06,36,0,20
2020:02:27:12,-26,0,-7
2020:02:27:18,-18,0,2
2020:02:28:00,5,0,-2
2020:02:28:06,15,0,17
2020:02:28:12,-12,0,-14
2020:02:28:18,-16,0,1
2020:02:29:00,17,0,3
2020:02:29:06,13,0,14
2020:02:29:12,-14,0,-11
2020:02:29:18,-6,0,8
2020:03:01:00,19,0,8
2020:03:01:06,12,0,20
2020:03:01:12,-18,0,-10
2020:03:01:18,-20,15,0
2020:03:02:00,9,1140,-1
2020:03:02:06,20,645,20
2020:03:02:12,2,120,1
2020:03:02:18,-5,0,15
2020:03:03:00,-4,0,-3
2020:03:03:06,-4,0,11
2020:03:03:12,14,0,11
2020:03:03:18,1,0,12
2020:03:04:00,-8,0,3
2020:03:04:06,-3,0,9
2020:03:04:12,9,0,12
2020:03:04:18,2,0,11
2020:03:05:00,-8,0,4
2020:03:05:06,1,0,12
2020:03:05:12,-9,0,-5
2020:03:05:18,-1,0,11
2020:03:06:00,-4,0,-9
2020:03:06:06,4,0,15
2020:03:06:12,-1,60,-10
2020:03:06:18,-9,0,6
2020:03:07:00,13,0,3
2020:03:07:06,10,0,16
2020:03:07:12,0,0,3
2020:03:07:18,0,0,16
2020:03:08:00,8,0,11
2020:03:08:06,-4,0,12
2020:03:08:12,-7,0,4
2020:03:08:18,6,0,18
2020:03:09:00,8,0,12
2020:03:09:06,2,0,20
2020:03:09:12,-5,0,7
2020:03:09:18,-7,0,13
2020:03:10:00,13,0,20
2020:03:10:06,6,0,19
2020:03:10:12,-18,0,2
2020:03:10:18,-15,0,4
2020:03:11:00,3,0,5
2020:03:11:06,-2,0,2
2020:03:11:12,-17,0,-12
2020:03:11:18,-18,0,-16
2020:03:12:00,6,0,-6
2020:03:12:06,27,0,11
2020:03:12:12,2,0,-4
2020:03:12:18,0,0,11
2020:03:13:00,16,15,12
2020:03:13:06,9,45,20
2020:03:13:12,-10,15,2
2020:03:13:18,0,195,20
2020:03:14:00,16,45,18
2020:03:14:06,0,45,20
2020:03:14:12,-10,0,8
2020:03:14:18,-14,60,6
2020:03:15:00,-5,0,3
2020:03:15:06,14,165,20
2020:03:15:12,0,0,3
2020:03:15:18,0,300,20
2020:03:16:00,17,3045,20
2020:03:16:06,0,4620,20
2020:03:16:12,0,5010,20
2020:03:16:18,0,1830,20
2020:03:17:00,0,225,20
2020:03:17:06,0,225,20
2020:03:17:12,0,240,20
2020:03:17:18,0,240,20
2020:03:18:00,-8,0,12
2020:03:18:06,-2,15,18
2020:03:18:12,-7,0,5
2020:03:18:18,-12,0,6
2020:03:19:00,6,0,11
2020:03:19:06,7,0,13
2020:03:19:12,-10,0,1
2020:03:19:18,-4,0,9
2020:03:20:00,13,0,14
2020:03:20:06,6,15,15
2020:03:20:12,-23,0,-9
2020:03:20:18,-21,0,-6
2020:03:21:00,10,0,1
2020:03:21:06,17,0,11
2020:03:21:12,-10,0,-9
2020:03:21:18,-18,0,-7
2020:03:22:00,21,0,12
2020:03:22:06,26,390,19
2020:03:22:12,-7,1290,5
2020:03:22:18,-2,525,17
2020:03:23:00,13,270,18
2020:03:23:06,-1,600,16
2020:03:23:12,-4,1650,14
2020:03:23:18,4,330,20
2020:03:24:00,6,105,20
2020:03:24:06,-9,360,11
2020:03:24:12,-15,180,5
2020:03:24:18,-5,30,6
2020:03:25:00,8,0,13
2020:03:25:06,6,540,12
2020:03:25:12,-7,0,6
2020:03:25:18,-21,15,-9
2020:03:26:00,14,0,20
2020:03:26:06,29,540,20
2020:03:26:12,-4,1245,16
2020:03:26:18,-8,0,12
2020:03:27:00,-5,0,11
2020:03:27:06,8,15,20
2020:03:27:12,-20,0,-9
2020:03:27:18,-36,0,-16
2020:03:28:00,16,0,7
2020:03:28:06,36,15,20
2020:03:28:12,-16,0,-9
2020:03:28:18,-30,0,-10
2020:03:29:00,16,0,7
2020:03:29:06,28,0,18
2020:03:29:12,-11,0,-4
2020:03:29:18,-5,0,13
2020:03:30:00,14,0,10
2020:03:30:06,3,225,16
2020:03:30:12,5,840,15
2020:03:30:18,-2,1800,14
2020:03:31:00,-2,1860,13
2020:03:31:06,0,6495,14
2020:03:31:12,-5,675,8
2020:03:31:18,-2,120,12
2020:04:01:00,3,2685,11
2020:04:01:06,4,4860,16
2020:04:01:12,9,1950,20
2020:04:01:18,4,30,20
2020:04:02:00,0,135,20
2020:04:02:06,-3,765,17
2020:04:02:12,-2,1200,18
2020:04:02:18,0,90,17
2020:04:03:00,-9,0,9
2020:04:03:06,-11,0,6
2020:04:03:12,-6,0,3
2020:04:03:18,-13,0,-7
2020:04:04:00,-15,0,-12
2020:04:04:06,5,0,-2
2020:04:04:12,4,0,-8
2020:04:04:18,12,0,10
2020:04:05:00,14,0,6
2020:04:05:06,3,0,13
2020:04:05:12,-17,0,-11
2020:04:05:18,-3,0,10
2020:04:06:00,12,0,1
2020:04:06:06,10,15,20
2020:04:06:12,3,0,4
2020:04:06:18,0,0,20
2020:04:07:00,12,0,16
2020:04:07:06,-3,0,17
2020:04:07:12,-14,0,2
2020:04:07:18,-3,15,14
2020:04:08:00,9,0,11
2020:04:08:06,2,0,16
2020:04:08:12,-12,0,-1
2020:04:08:18,-16,0,0
2020:04:09:00,13,0,12
2020:04:09:06,15,0,15
2020:04:09:12,-11,0,1
2020:04:09:18,-16,0,-1
2020:04:10:00,4,0,5
2020:04:10:06,4,0,3
2020:04:10:12,-7,0,-2
2020:04:10:18,5,0,8
2020:04:11:00,17,0,15
2020:04:11:06,1,45,9
2020:04:11:12,-17,0,-2
2020:04:11:18,-17,0,-8
2020:04:12:00,20,0,18
2020:04:12:06,18,0,10
2020:04:12:12,-15,0,3
2020:04:12:18,-7,0,3
2020:04:13:00,2,75,5
2020:04:13:06,9,270,12
2020:04:13:12,4,855,9
2020:04:13:18,7,15,19
2020:04:14:00,9,30,18
2020:04:14:06,1,615,20
2020:04:14:12,-24,870,-6
2020:04:14:18,-35,0,-15
2020:04:15:00,-4,0,-10
2020:04:15:06,21,0,6
2020:04:15:12,8,90,-2
2020:04:15:18,3,525,9
2020:04:16:00,13,45,11
2020:04:16:06,0,15,9
2020:04:16:12,-23,0,-12
2020:04:16:18,-6,45,3
2020:04:17:00,24,0,12
2020:04:17:06,3,0,6
2020:04:17:12,-18,0,-6
2020:04:17:18,-7,15,-1
2020:04:18:00,24,0,18
2020:04:18:06,20,15,19
2020:04:18:12,-16,705,2
2020:04:18:18,-7,3480,12
2020:04:19:00,18,2805,20
2020:04:19:06,8,1485,20
2020:04:19:12,0,2775,20
2020:04:19:18,0,1425,20
2020:04:20:00,0,1305,20
2020:04:20:06,0,1455,20
2020:04:20:12,-3,1305,17
2020:04:20:18,0,60,20
2020:04:21:00,2,0,19
2020:04:21:06,0,1560,20
2020:04:21:12,1,2325,20
2020:04:21:18,0,735,20
2020:04:22:00,0,930,20
2020:04:22:06,0,15,20
2020:04:22:12,0,375,20
2020:04:22:18,0,0,20
2020:04:23:00,0,30,20
2020:04:23:06,0,150,20
2020:04:23:12,-6,15,14
2020:04:23:18,-2,0,18
2020:04:24:00,4,0,18
2020:04:24:06,-3,405,15
2020:04:24:12,-15,0,3
2020:04:24:18,-8,0,7
2020:04:25:00,11,0,14
2020:04:25:06,12,0,19
2020:04:25:12,-5,0,9
2020:04:25:18,-10,0,9
2020:04:26:00,11,15,20
2020:04:26:06,11,15,20
2020:04:26:12,-12,15,8
2020:04:26:18,-9,0,11
2020:04:27:00,12,0,20
2020:04:27:06,8,225,19
2020:04:27:12,-8,1665,12
2020:04:27:18,1,375,20
2020:04:28:00,7,0,19
2020:04:28:06,-1,0,19
2020:04:28:12,-12,0,7
2020:04:28:18,-5,0,14
2020:04:29:00,13,0,20
2020:04:29:06,3,0,17
2020:04:29:12,-21,0,-1
2020:04:29:18,-14,0,3
2020:04:30:00,6,0,5
2020:04:30:06,10,0,13
2020:04:30:12,-15,0,-10
2020:04:30:18,-18,0,-5
2020:05:01:00,16,0,6
2020:05:01:06,15,0,10
2020:05:01:12,-8,360,-2
2020:05:01:18,-5,0,5
2020:05:02:00,10,0,8
2020:05:02:06,11,0,16
2020:05:02:12,-21,0,-13
2020:05:02:18,-23,0,-7
2020:05:03:00,15,0,2
2020:05:03:06,19,0,12
2020:05:03:12,-20,0,-18
2020:05:03:18,-35,0,-23
2020:05:04:00,21,0,3
2020:05:04:06,30,0,7
2020:05:04:12,-27,0,-24
2020:05:04:18,-28,0,-21
2020:05:05:00,21,0,-3
2020:05:05:06,24,0,3
2020:05:05:12,-17,0,-20
2020:05:05:18,-26,0,-23
2020:05:06:00,23,0,3
2020:05:06:06,29,0,6
2020:05:06:12,-32,0,-29
2020:05:06:18,-35,0,-29
2020:05:07:00,25,0,-4
2020:05:07:06,23,0,-6
2020:05:07:12,-19,0,-23
2020:05:07:18,-18,0,-24
2020:05:08:00,20,0,-3
2020:05:08:06,25,0,1
2020:05:08:12,-16,0,-19
2020:05:08:18,-22,0,-21
2020:05:09:00,37,0,18
2020:05:09:06,38,795,17
2020:05:09:12,-15,5745,3
2020:05:09:18,-3,390,14
2020:05:10:00,17,765,20
2020:05:10:06,5,6120,19
2020:05:10:12,0,3000,20
2020:05:10:18,-2,0,17
2020:05:11:00,0,0,20
2020:05:11:06,-2,105,15
2020:05:11:12,-7,525,13
2020:05:11:18,5,0,20
2020:05:12:00,7,0,20
2020:05:12:06,0,60,20
2020:05:12:12,-6,2925,14
2020:05:12:18,0,2130,20
2020:05:13:00,6,15,20
2020:05:13:06,0,30,20
2020:05:13:12,-4,0,16
2020:05:13:18,-2,0,18
2020:05:14:00,-1,75,15
2020:05:14:06,-5,1740,13
2020:05:14:12,5,3165,20
2020:05:14:18,7,270,20
2020:05:15:00,0,75,20
2020:05:15:06,-1,945,19
2020:05:15:12,-2,3300,18
2020:05:15:18,-7,315,12
2020:05:16:00,2,30,20
2020:05:16:06,1,3480,13
2020:05:16:12,-7,5265,13
2020:05:16:18,5,360,18
2020:05:17:00,-8,0,5
2020:05:17:06,-5,90,13
2020:05:17:12,0,135,5
2020:05:17:18,-23,0,-10
2020:05:18:00,1,0,6
2020:05:18:06,22,0,12
2020:05:18:12,-24,0,-18
2020:05:18:18,-30,0,-18
2020:05:19:00,22,0,4
2020:05:19:06,19,0,1
2020:05:19:12,-41,0,-37
2020:05:19:18,-39,0,-38
2020:05:20:00,24,0,-13
2020:05:20:06,46,0,8
2020:05:20:12,-25,0,-38
2020:05:20:18,-49,0,-41
2020:05:21:00,25,0,-13
2020:05:21:06,36,105,-5
2020:05:21:12,-23,0,-36
2020:05:21:18,-28,0,-33
2020:05:22:00,3,0,-33
2020:05:22:06,12,30,-21
2020:05:22:12,6,225,-27
2020:05:22:18,0,0,-21
2020:05:23:00,36,0,9
2020:05:23:06,41,0,20
2020:05:23:12,1,0,10
2020:05:23:18,-14,0,6
2020:05:24:00,-2,0,8
2020:05:24:06,1,0,7
2020:05:24:12,-46,0,-38
2020:05:24:18,-51,0,-44
2020:05:25:00,20,0,-18
2020:05:25:06,48,0,4
2020:05:25:12,-13,0,-31
2020:05:25:18,-38,0,-34
2020:05:26:00,23,0,-8
2020:05:26:06,45,0,11
2020:05:26:12,-28,0,-36
2020:05:26:18,-52,0,-41
2020:05:27:00,21,0,-15
2020:05:27:06,36,0,-5
2020:05:27:12,-24,0,-39
2020:05:27:18,-33,0,-38
2020:05:28:00,44,0,5
2020:05:28:06,43,0,5
2020:05:28:12,-45,0,-40
2020:05:28:18,-43,0,-38
2020:05:29:00,27,0,-13
2020:05:29:06,38,0,0
2020:05:29:12,-34,0,-47
2020:05:29:18,-42,0,-42
2020:05:30:00,52,0,5
2020:05:30:06,61,15,19
2020:05:30:12,-35,2190,-30
2020:05:30:18,-38,465,-19
2020:05:31:00,50,0,20
2020:05:31:06,31,105,12
2020:05:31:12,-35,945,-15
2020:05:31:18,-8,0,4
2020:06:01:00,35,0,20
2020:06:01:06,15,0,19
2020:06:01:12,-20,1170,0
2020:06:01:18,-13,30,6
2020:06:02:00,20,0,20
2020:06:02:06,14,270,20
2020:06:02:12,-15,240,5
2020:06:02:18,-21,765,-1
2020:06:03:00,11,0,16
2020:06:03:06,20,2475,19
2020:06:03:12,-3,2880,13
2020:06:03:18,0,0,19
2020:06:04:00,7,15,20
2020:06:04:06,1,5040,20
2020:06:04:12,-9,3630,11
2020:06:04:18,-13,135,7
2020:06:05:00,0,0,11
2020:06:05:06,-3,0,4
2020:06:05:12,-7,0,4
2020:06:05:18,-10,0,-6
2020:06:06:00,0,0,4
2020:06:06:06,24,2175,18
2020:06:06:12,9,4995,13
2020:06:06:18,-1,1050,17
2020:06:07:00,7,0,20
2020:06:07:06,3,1980,20
2020:06:07:12,0,5160,20
2020:06:07:18,-5,705,15
2020:06:08:00,-8,195,12
2020:06:08:06,2,1035,17
2020:06:08:12,-3,1605,9
2020:06:08:18,-6,525,11
2020:06:09:00,3,0,12
2020:06:09:06,4,540,15
2020:06:09:12,-5,4080,7
2020:06:09:18,-4,0,11
2020:06:10:00,4,0,11
2020:06:10:06,7,975,18
2020:06:10:12,-9,1980,2
2020:06:10:18,-2,1890,16
2020:06:11:00,15,165,17
2020:06:11:06,4,195,20
2020:06:11:12,-2,1620,15
2020:06:11:18,0,2325,20
2020:06:12:00,3,0,18
2020:06:12:06,0,435,20
2020:06:12:12,-13,300,5
2020:06:12:18,-20,0,0
2020:06:13:00,7,0,12
2020:06:13:06,15,0,15
2020:06:13:12,-17,0,-5
2020:06:13:18,-30,0,-15
2020:06:14:00,1,0,-4
2020:06:14:06,19,0,4
2020:06:14:12,-15,0,-19
2020:06:14:18,-25,0,-21
2020:06:15:00,29,0,10
2020:06:15:06,39,660,18
2020:06:15:12,-26,780,-16
2020:06:15:18,-23,630,-5
2020:06:16:00,36,0,20
2020:06:16:06,25,4830,20
2020:06:16:12,-8,6450,12
2020:06:16:18,-8,810,12
2020:06:17:00,8,0,20
2020:06:17:06,3,1470,15
2020:06:17:12,-16,2625,4
2020:06:17:18,-5,1080,10
2020:06:18:00,16,0,20
2020:06:18:06,10,4335,20
2020:06:18:12,-5,3150,15
2020:06:18:18,-13,180,7
2020:06:19:00,3,0,18
2020:06:19:06,6,1335,13
2020:06:19:12,-16,2055,2
2020:06:19:18,-7,345,6
2020:06:20:00,15,0,17
2020:06:20:06,9,3435,15
2020:06:20:12,-16,5610,1
2020:06:20:18,-15,15,0
2020:06:21:00,13,0,14
2020:06:21:06,8,765,8
2020:06:21:12,-28,1365,-14
2020:06:21:18,-13,0,-5
2020:06:22:00,22,15,8
2020:06:22:06,16,0,11
2020:06:22:12,-25,0,-17
2020:06:22:18,-37,0,-26
2020:06:23:00,20,0,3
2020:06:23:06,39,0,13
2020:06:23:12,-33,0,-30
2020:06:23:18,-44,0,-31
2020:06:24:00,40,0,10
2020:06:24:06,41,0,10
2020:06:24:12,-43,0,-33
2020:06:24:18,-42,0,-32
2020:06:25:00,45,0,12
2020:06:25:06,45,0,13
2020:06:25:12,-42,0,-30
2020:06:25:18,-42,0,-29
2020:06:26:00,28,0,-2
2020:06:26:06,45,0,16
2020:06:26:12,-20,4335,-22
2020:06:26:18,-22,0,-6
2020:06:27:00,33,0,11
2020:06:27:06,22,105,16
2020:06:27:12,-25,15,-14
2020:06:27:18,-44,0,-28
2020:06:28:00,13,0,-1
2020:06:28:06,32,1485,4
2020:06:28:12,-8,1785,-9
2020:06:28:18,-14,0,-10
2020:06:29:00,29,0,20
2020:06:29:06,21,210,11
2020:06:29:12,-24,2145,-4
2020:06:29:18,-20,0,-9
2020:06:30:00,24,0,20
2020:06:30:06,14,0,5
2020:06:30:12,-37,0,-17
2020:06:30:18,-29,0,-24
2020:07:01:00,22,0,5
2020:07:01:06,42,0,18
2020:07:01:12,-10,300,-5
2020:07:01:18,-16,0,2
2020:07:02:00,25,0,20
2020:07:02:06,16,4980,18
2020:07:02:12,0,5355,20
2020:07:02:18,2,15,20
2020:07:03:00,-6,15,14
2020:07:03:06,-4,345,16
2020:07:03:12,-8,60,6
2020:07:03:18,-28,0,-12
2020:07:04:00,9,30,15
2020:07:04:06,27,0,15
2020:07:04:12,-40,0,-25
2020:07:04:18,-50,0,-35
2020:07:05:00,25,0,0
2020:07:05:06,41,0,6
2020:07:05:12,-33,0,-33
2020:07:05:18,-40,0,-34
2020:07:06:00,36,0,3
2020:07:06:06,44,0,10
2020:07:06:12,-32,0,-29
2020:07:06:18,-47,0,-37
2020:07:07:00,18,0,-11
2020:07:07:06,33,0,-4
2020:07:07:12,-33,0,-44
2020:07:07:18,-48,0,-52
2020:07:08:00,28,0,-16
2020:07:08:06,56,0,4
2020:07:08:12,-25,0,-41
2020:07:08:18,-49,0,-45
2020:07:09:00,25,0,-16
2020:07:09:06,26,0,-19
2020:07:09:12,-25,0,-41
2020:07:09:18,-19,0,-38
2020:07:10:00,48,0,7
2020:07:10:06,40,1275,2
2020:07:10:12,-23,3105,-16
2020:07:10:18,-21,0,-19
2020:07:11:00,18,0,2
2020:07:11:06,27,0,8
2020:07:11:12,-34,0,-32
2020:07:11:18,-49,0,-41
2020:07:12:00,14,0,-18
2020:07:12:06,31,0,-10
2020:07:12:12,-24,0,-42
2020:07:12:18,-33,0,-43
2020:07:13:00,25,0,-17
2020:07:13:06,49,0,6
2020:07:13:12,-26,0,-43
2020:07:13:18,-51,0,-45
2020:07:14:00,27,0,-16
2020:07:14:06,37,0,-8
2020:07:14:12,-24,0,-40
2020:07:14:18,-34,0,-42
2020:07:15:00,36,0,-4
2020:07:15:06,47,0,5
2020:07:15:12,-24,0,-28
2020:07:15:18,-40,0,-35
2020:07:16:00,31,0,3
2020:07:16:06,45,0,10
2020:07:16:12,-32,0,-29
2020:07:16:18,-42,0,-32
2020:07:17:00,33,0,4
2020:07:17:06,49,0,17
2020:07:17:12,-32,0,-28
2020:07:17:18,-48,0,-31
2020:07:18:00,22,0,-6
2020:07:18:06,36,0,5
2020:07:18:12,-30,0,-36
2020:07:18:18,-52,0,-47
2020:07:19:00,16,0,-20
2020:07:19:06,42,0,-5
2020:07:19:12,-18,0,-38
2020:07:19:18,-38,0,-43
2020:07:20:00,38,0,0
2020:07:20:06,50,0,7
2020:07:20:12,-27,0,-27
2020:07:20:18,-38,0,-31
2020:07:21:00,44,15,17
2020:07:21:06,40,0,9
2020:07:21:12,-47,0,-30
2020:07:21:18,-48,0,-39
2020:07:22:00,25,0,-5
2020:07:22:06,37,0,-2
2020:07:22:12,-23,0,-28
2020:07:22:18,-33,0,-35
2020:07:23:00,15,0,-13
2020:07:23:06,32,0,-3
2020:07:23:12,-16,0,-29
2020:07:23:18,-12,0,-15
2020:07:24:00,34,0,5
2020:07:24:06,23,0,8
2020:07:24:12,-21,2595,-16
2020:07:24:18,-24,0,-16
2020:07:25:00,34,0,18
2020:07:25:06,35,0,19
2020:07:25:12,-38,0,-20
2020:07:25:18,-55,0,-36
2020:07:26:00,10,0,-10
2020:07:26:06,44,0,8
2020:07:26:12,-14,0,-24
2020:07:26:18,-42,0,-34
2020:07:27:00,25,0,1
2020:07:27:06,34,0,0
2020:07:27:12,-43,0,-42
2020:07:27:18,-42,0,-42
2020:07:28:00,35,0,-7
2020:07:28:06,50,0,8
2020:07:28:12,-18,0,-25
2020:07:28:18,-40,0,-32
2020:07:29:00,28,0,3
2020:07:29:06,32,0,0
2020:07:29:12,-33,0,-30
2020:07:29:18,-40,0,-40
2020:07:30:00,21,0,-9
2020:07:30:06,42,0,2
2020:07:30:12,-31,0,-40
2020:07:30:18,-51,0,-49
2020:07:31:00,21,0,-19
2020:07:31:06,45,0,-4
2020:07:31:12,-26,0,-45
2020:07:31:18,-41,0,-45
2020:08:01:00,33,0,-12
2020:08:01:06,55,0,10
2020:08:01:12,-19,0,-31
2020:08:01:18,-39,0,-29
2020:08:02:00,41,0,10
2020:08:02:06,45,0,16
2020:08:02:12,-24,0,-14
2020:08:02:18,-37,0,-21
2020:08:03:00,16,0,2
2020:08:03:06,28,0,7
2020:08:03:12,-34,0,-32
2020:08:03:18,-47,0,-40
2020:08:04:00,29,0,-3
2020:08:04:06,47,0,7
2020:08:04:12,-30,0,-33
2020:08:04:18,-52,0,-45
2020:08:05:00,22,0,-11
2020:08:05:06,50,0,5
2020:08:05:12,-36,0,-47
2020:08:05:18,-56,0,-51
2020:08:06:00,29,0,-18
2020:08:06:06,47,0,-4
2020:08:06:12,-28,0,-46
2020:08:06:18,-44,0,-48
2020:08:07:00,35,0,-11
2020:08:07:06,42,0,-6
2020:08:07:12,-33,0,-44
2020:08:07:18,-43,0,-49
2020:08:08:00,35,0,-9
2020:08:08:06,40,0,-9
2020:08:08:12,-30,0,-39
2020:08:08:18,-39,0,-48
2020:08:09:00,18,0,-21
2020:08:09:06,31,0,-17
2020:08:09:12,-21,0,-42
2020:08:09:18,-33,0,-50
2020:08:10:00,22,0,-20
2020:08:10:06,42,0,-8
2020:08:10:12,-14,0,-34
2020:08:10:18,-38,0,-46
2020:08:11:00,24,0,-10
2020:08:11:06,30,0,-16
2020:08:11:12,-31,0,-41
2020:08:11:18,-34,0,-50
2020:08:12:00,11,0,-30
2020:08:12:06,39,435,-11
2020:08:12:12,-1,0,-31
2020:08:12:18,-23,0,-34
2020:08:13:00,33,0,2
2020:08:13:06,49,585,15
2020:08:13:12,-17,1260,-15
2020:08:13:18,-17,0,-2
2020:08:14:00,35,15,20
2020:08:14:06,19,4950,17
2020:08:14:12,-19,7065,1
2020:08:14:18,-24,0,-7
2020:08:15:00,7,0,8
2020:08:15:06,14,1035,7
2020:08:15:12,-10,60,-2
2020:08:15:18,-24,0,-17
2020:08:16:00,18,0,16
2020:08:16:06,31,0,14
2020:08:16:12,-24,0,-8
2020:08:16:18,-34,0,-20
2020:08:17:00,12,0,4
2020:08:17:06,24,0,4
2020:08:17:12,-36,0,-32
2020:08:17:18,-45,0,-41
2020:08:18:00,25,0,-7
2020:08:18:06,34,0,-7
2020:08:18:12,-30,0,-37
2020:08:18:18,-34,0,-41
2020:08:19:00,14,0,-23
2020:08:19:06,45,0,4
2020:08:19:12,-25,0,-48
2020:08:19:18,-59,0,-55
2020:08:20:00,34,0,-14
2020:08:20:06,41,0,-14
2020:08:20:12,-27,0,-41
2020:08:20:18,-30,0,-44
2020:08:21:00,24,0,-17
2020:08:21:06,43,0,-1
2020:08:21:12,-16,0,-33
2020:08:21:18,-37,0,-38
2020:08:22:00,38,0,5
2020:08:22:06,55,0,17
2020:08:22:12,-27,0,-22
2020:08:22:18,-48,0,-31
2020:08:23:00,19,0,-3
2020:08:23:06,43,0,12
2020:08:23:12,-26,0,-29
2020:08:23:18,-46,0,-34
2020:08:24:00,23,0,-6
2020:08:24:06,50,0,16
2020:08:24:12,-26,0,-32
2020:08:24:18,-54,0,-38
2020:08:25:00,26,0,-6
2020:08:25:06,54,0,16
2020:08:25:12,-33,0,-39
2020:08:25:18,-58,0,-42
2020:08:26:00,40,0,1
2020:08:26:06,54,0,12
2020:08:26:12,-26,0,-25
2020:08:26:18,-46,0,-34
2020:08:27:00,29,0,4
2020:08:27:06,53,0,19
2020:08:27:12,-36,0,-32
2020:08:27:18,-53,0,-34
2020:08:28:00,37,0,5
2020:08:28:06,54,2085,20
2020:08:28:12,-8,3990,-3
2020:08:28:18,-3,0,17
2020:08:29:00,23,900,20
2020:08:29:06,3,6135,20
2020:08:29:12,-16,4755,4
2020:08:29:18,-28,2640,-8
2020:08:30:00,-2,0,2
2020:08:30:06,17,0,9
2020:08:30:12,-13,435,-11
2020:08:30:18,-19,0,-10
2020:08:31:00,24,0,13
2020:08:31:06,30,0,20
2020:08:31:12,-32,0,-19
2020:08:31:18,-52,0,-32
2020:09:01:00,15,0,-4
2020:09:01:06,43,0,11
2020:09:01:12,-22,1470,-26
2020:09:01:18,-47,2025,-36
2020:09:02:00,20,90,-6
2020:09:02:06,48,0,12
2020:09:02:12,-24,0,-30
2020:09:02:18,-53,0,-41
2020:09:03:00,19,0,-11
2020:09:03:06,37,0,-4
2020:09:03:12,-31,0,-42
2020:09:03:18,-44,0,-48
2020:09:04:00,37,0,-5
2020:09:04:06,56,0,8
2020:09:04:12,-38,0,-43
2020:09:04:18,-53,0,-45
2020:09:05:00,38,0,-5
2020:09:05:06,55,0,10
2020:09:05:12,-27,0,-32
2020:09:05:18,-48,0,-38
2020:09:06:00,30,0,-2
2020:09:06:06,50,0,12
2020:09:06:12,-26,120,-28
2020:09:06:18,-38,735,-26
2020:09:07:00,23,435,-5
2020:09:07:06,30,180,4
2020:09:07:12,-29,0,-34
2020:09:07:18,-49,0,-45
2020:09:08:00,16,0,-18
2020:09:08:06,43,0,-2
2020:09:08:12,-19,0,-37
2020:09:08:18,-42,0,-44
2020:09:09:00,18,0,-19
2020:09:09:06,34,0,-10
2020:09:09:12,-7,0,-26
2020:09:09:18,-11,510,-21
2020:09:10:00,21,0,-5
2020:09:10:06,28,0,7
2020:09:10:12,-6,0,-11
2020:09:10:18,-20,0,-13
2020:09:11:00,20,0,9
2020:09:11:06,29,75,16
2020:09:11:12,-27,0,-18
2020:09:11:18,-41,0,-25
2020:09:12:00,12,0,-6
2020:09:12:06,23,60,-2
2020:09:12:12,-21,0,-27
2020:09:12:18,-38,0,-40
2020:09:13:00,15,0,-12
2020:09:13:06,31,0,-9
2020:09:13:12,-28,0,-40
2020:09:13:18,-35,0,-44
2020:09:14:00,29,0,-11
2020:09:14:06,36,0,-8
2020:09:14:12,-31,0,-42
2020:09:14:18,-37,0,-45
2020:09:15:00,29,0,-13
2020:09:15:06,40,405,-5
2020:09:15:12,-14,405,-27
2020:09:15:18,-30,0,-35
2020:09:16:00,18,0,-9
2020:09:16:06,28,315,-7
2020:09:16:12,-24,0,-33
2020:09:16:18,-34,0,-41
2020:09:17:00,13,0,-20
2020:09:17:06,33,0,-8
2020:09:17:12,-15,0,-35
2020:09:17:18,-32,0,-40
2020:09:18:00,21,0,-14
2020:09:18:06,28,1125,-12
2020:09:18:12,-4,2250,-18
2020:09:18:18,3,2820,-9
2020:09:19:00,30,525,12
2020:09:19:06,13,0,4
2020:09:19:12,-27,0,-15
2020:09:19:18,-19,0,-15
2020:09:20:00,35,0,20
2020:09:20:06,33,0,18
2020:09:20:12,-34,15,-14
2020:09:20:18,-37,0,-19
2020:09:21:00,24,600,10
2020:09:21:06,37,2220,18
2020:09:21:12,-2,2055,8
2020:09:21:18,-7,465,11
2020:09:22:00,8,570,16
2020:09:22:06,8,840,19
2020:09:22:12,-8,405,8
2020:09:22:18,-20,0,-1
2020:09:23:00,0,0,8
2020:09:23:06,8,420,7
2020:09:23:12,-15,270,-7
2020:09:23:18,-10,0,-3
2020:09:24:00,18,0,11
2020:09:24:06,21,0,18
2020:09:24:12,-23,30,-12
2020:09:24:18,-28,0,-10
2020:09:25:00,1,0,-11
2020:09:25:06,9,0,-1
2020:09:25:12,-9,0,-20
2020:09:25:18,-11,0,-12
2020:09:26:00,23,0,3
2020:09:26:06,26,0,14
2020:09:26:12,0,0,3
2020:09:26:18,-3,150,11
2020:09:27:00,7,0,10
2020:09:27:06,2,0,13
2020:09:27:12,-14,0,-4
2020:09:27:18,-6,0,7
2020:09:28:00,17,0,13
2020:09:28:06,13,0,20
2020:09:28:12,-12,0,1
2020:09:28:18,-8,0,12
2020:09:29:00,18,0,19
2020:09:29:06,8,0,20
2020:09:29:12,-29,0,-10
2020:09:29:18,-45,0,-25
2020:09:30:00,4,0,-6
2020:09:30:06,44,0,19
2020:09:30:12,-21,0,-27
2020:09:30:18,-57,0,-38
2020:10:01:00,26,0,-1
2020:10:01:06,46,0,8
2020:10:01:12,-17,0,-18
2020:10:01:18,-35,0,-27
2020:10:02:00,11,0,-7
2020:10:02:06,34,2220,7
2020:10:02:12,15,4230,8
2020:10:02:18,-3,0,4
2020:10:03:00,1,0,9
2020:10:03:06,3,0,7
2020:10:03:12,-6,0,3
2020:10:03:18,-6,0,1
2020:10:04:00,2,0,5
2020:10:04:06,13,0,14
2020:10:04:12,-6,0,-1
2020:10:04:18,-9,0,5
2020:10:05:00,16,0,15
2020:10:05:06,8,0,13
2020:10:05:12,-14,0,1
2020:10:05:18,-10,0,3
2020:10:06:00,15,0,16
2020:10:06:06,13,0,16
2020:10:06:12,-11,0,5
2020:10:06:18,-11,0,5
2020:10:07:00,8,0,13
2020:10:07:06,3,0,8
2020:10:07:12,-21,0,-8
2020:10:07:18,-10,0,-2
2020:10:08:00,16,0,8
2020:10:08:06,18,0,16
2020:10:08:12,-22,0,-14
2020:10:08:18,-39,0,-23
2020:10:09:00,32,0,18
2020:10:09:06,33,600,10
2020:10:09:12,-23,630,-5
2020:10:09:18,-9,0,1
2020:10:10:00,22,990,17
2020:10:10:06,18,1980,19
2020:10:10:12,-7,3855,10
2020:10:10:18,-9,345,10
2020:10:11:00,-1,45,9
2020:10:11:06,1,0,11
2020:10:11:12,-25,0,-16
2020:10:11:18,-14,0,-3
2020:10:12:00,22,0,6
2020:10:12:06,10,0,7
2020:10:12:12,-27,0,-21
2020:10:12:18,-21,0,-14
2020:10:13:00,34,0,13
2020:10:13:06,34,0,20
2020:10:13:12,-9,0,4
2020:10:13:18,-10,105,10
2020:10:14:00,-7,0,-3
2020:10:14:06,6,0,16
2020:10:14:12,6,0,3
2020:10:14:18,-10,0,6
2020:10:15:00,13,0,16
2020:10:15:06,13,0,19
2020:10:15:12,-9,0,7
2020:10:15:18,-1,0,18
2020:10:16:00,7,0,14
2020:10:16:06,2,0,20
2020:10:16:12,-15,0,-1
2020:10:16:18,-1,0,19
2020:10:17:00,18,0,17
2020:10:17:06,1,0,20
2020:10:17:12,-21,0,-4
2020:10:17:18,-42,0,-22
2020:10:18:00,-18,0,-22
2020:10:18:06,0,0,-22
2020:10:18:12,0,0,-22
2020:10:18:18,1,0,-21
2020:10:19:00,35,0,13
2020:10:19:06,41,0,20
2020:10:19:12,-15,0,-2
2020:10:19:18,-15,0,5
2020:10:20:00,-2,0,-4
2020:10:20:06,-5,0,0
2020:10:20:12,-7,0,-11
2020:10:20:18,-7,0,-7
2020:10:21:00,-1,0,-12
2020:10:21:06,0,0,-7
2020:10:21:12,-9,0,-21
2020:10:21:18,-2,0,-9
2020:10:22:00,18,570,-3
2020:10:22:06,16,600,7
2020:10:22:12,4,2310,1
2020:10:22:18,5,2310,12
2020:10:23:00,12,15,13
2020:10:23:06,-4,0,8
2020:10:23:12,-4,600,9
2020:10:23:18,4,0,12
2020:10:24:00,4,0,13
2020:10:24:06,0,0,12
2020:10:24:12,-16,0,-3
2020:10:24:18,-7,0,5
2020:10:25:00,-3,0,-6
2020:10:25:06,-6,0,-1
2020:10:25:12,-12,0,-18
2020:10:25:18,-1,0,-2
2020:10:26:00,30,0,12
2020:10:26:06,9,0,7
2020:10:26:12,-22,0,-10
2020:10:26:18,-3,0,4
2020:10:27:00,8,0,-2
2020:10:27:06,4,0,8
2020:10:27:12,-7,0,-9
2020:10:27:18,-13,0,-5
2020:10:28:00,20,0,11
2020:10:28:06,13,0,8
2020:10:28:12,-17,0,-6
2020:10:28:18,-3,0,5
2020:10:29:00,22,0,16
2020:10:29:06,5,0,10
2020:10:29:12,-32,0,-16
2020:10:29:18,-31,0,-21
2020:10:30:00,13,0,-3
2020:10:30:06,40,15,19
2020:10:30:12,-15,0,-18
2020:10:30:18,-46,0,-27
2020:10:31:00,16,0,-2
2020:10:31:06,46,0,19
2020:10:31:12,-28,0,-30
2020:10:31:18,-42,0,-23
2020:11:01:00,40,0,10
2020:11:01:06,39,0,16
2020:11:01:12,-37,0,-27
2020:11:01:18,-43,0,-27
2020:11:02:00,39,0,12
2020:11:02:06,34,0,7
2020:11:02:12,-39,0,-27
2020:11:02:18,-14,0,-7
2020:11:03:00,47,0,20
2020:11:03:06,27,15,20
2020:11:03:12,-4,15,16
2020:11:03:18,-9,690,11
2020:11:04:00,-5,1140,11
2020:11:04:06,2,720,13
2020:11:04:12,-15,630,-4
2020:11:04:18,-10,660,3
2020:11:05:00,16,0,12
2020:11:05:06,17,390,20
2020:11:05:12,-10,435,2
2020:11:05:18,-13,90,7
2020:11:06:00,7,0,9
2020:11:06:06,4,285,11
2020:11:06:12,-9,0,0
2020:11:06:18,-10,780,1
2020:11:07:00,5,780,5
2020:11:07:06,17,4995,18
2020:11:07:12,15,3180,20
2020:11:07:18,1,120,19
2020:11:08:00,-7,0,13
2020:11:08:06,0,0,19
2020:11:08:12,-9,0,4
2020:11:08:18,-6,0,13
2020:11:09:00,4,0,8
2020:11:09:06,7,0,20
2020:11:09:12,1,0,9
2020:11:09:18,-21,0,-1
2020:11:10:00,10,15,19
2020:11:10:06,21,135,20
2020:11:10:12,-12,0,7
2020:11:10:18,-8,0,12
2020:11:11:00,-6,0,1
2020:11:11:06,-4,0,8
2020:11:11:12,2,0,3
2020:11:11:18,-4,0,4
2020:11:12:00,12,0,15
2020:11:12:06,6,0,10
2020:11:12:12,-19,0,-4
2020:11:12:18,-10,0,0
2020:11:13:00,15,0,11
2020:11:13:06,11,0,11
2020:11:13:12,-14,0,-3
2020:11:13:18,-8,0,3
2020:11:14:00,14,45,11
2020:11:14:06,13,30,16
2020:11:14:12,-21,0,-10
2020:11:14:18,-2,0,14
2020:11:15:00,16,0,6
2020:11:15:06,0,0,14
2020:11:15:12,-25,0,-19
2020:11:15:18,-11,0,3
2020:11:16:00,35,0,16
2020:11:16:06,10,0,13
2020:11:16:12,-20,0,-4
2020:11:16:18,-15,0,-2
2020:11:17:00,3,0,-1
2020:11:17:06,11,0,9
2020:11:17:12,-23,0,-24
2020:11:17:18,-23,0,-14
2020:11:18:00,31,0,7
2020:11:18:06,30,0,16
2020:11:18:12,-16,0,-9
2020:11:18:18,-32,0,-16
2020:11:19:00,4,0,-5
2020:11:19:06,24,0,8
2020:11:19:12,2,0,-3
2020:11:19:18,1,0,9
2020:11:20:00,10,0,7
2020:11:20:06,-1,0,8
2020:11:20:12,-27,0,-20
2020:11:20:18,-12,0,-4
2020:11:21:00,7,0,-13
2020:11:21:06,0,0,-4
2020:11:21:12,-24,0,-37
2020:11:21:18,-25,0,-29
2020:11:22:00,24,0,-13
2020:11:22:06,41,0,12
2020:11:22:12,3,0,-10
2020:11:22:18,-38,0,-26
2020:11:23:00,-4,0,-14
2020:11:23:06,14,0,-12
2020:11:23:12,-3,0,-17
2020:11:23:18,-16,0,-28
2020:11:24:00,10,0,-7
2020:11:24:06,44,0,16
2020:11:24:12,-6,0,-13
2020:11:24:18,-12,0,4
2020:11:25:00,24,0,11
2020:11:25:06,4,0,8
2020:11:25:12,-27,0,-16
2020:11:25:18,-9,0,-1
2020:11:26:00,27,255,11
2020:11:26:06,16,900,15
2020:11:26:12,-11,1995,0
2020:11:26:18,3,120,18
2020:11:27:00,17,0,17
2020:11:27:06,-1,1455,17
2020:11:27:12,-8,2850,9
2020:11:27:18,1,1665,18
2020:11:28:00,6,765,15
2020:11:28:06,-8,1035,10
2020:11:28:12,-2,1170,13
2020:11:28:18,5,585,15
2020:11:29:00,2,0,15
2020:11:29:06,-6,30,9
2020:11:29:12,-12,0,3
2020:11:29:18,-18,0,-9
2020:11:30:00,8,0,11
2020:11:30:06,23,30,14
2020:11:30:12,-1,0,10
2020:11:30:18,-9,0,5
2020:12:01:00,7,0,17
2020:12:01:06,1,0,6
2020:12:01:12,-26,0,-9
2020:12:01:18,0,0,6
2020:12:02:00,13,0,4
2020:12:02:06,2,0,8
2020:12:02:12,-13,0,-9
2020:12:02:18,-4,0,4
2020:12:03:00,7,0,-2
2020:12:03:06,7,0,11
2020:12:03:12,-10,0,-12
2020:12:03:18,-10,0,1
2020:12:04:00,19,0,7
2020:12:04:06,3,0,4
2020:12:04:12,-7,0,0
2020:12:04:18,-3,0,1
2020:12:05:00,2,0,2
2020:12:05:06,14,0,15
2020:12:05:12,0,0,2
2020:12:05:18,-5,0,10
2020:12:06:00,10,0,12
2020:12:06:06,-1,0,9
2020:12:06:12,-10,0,2
2020:12:06:18,-3,0,6
2020:12:07:00,-9,0,-7
2020:12:07:06,8,0,14
2020:12:07:12,16,0,9
2020:12:07:18,-10,0,4
2020:12:08:00,-6,30,3
2020:12:08:06,-8,0,-4
2020:12:08:12,12,0,15
2020:12:08:18,14,0,10
2020:12:09:00,-12,0,3
2020:12:09:06,-4,0,6
2020:12:09:12,-7,0,-4
2020:12:09:18,7,0,13
2020:12:10:00,3,1590,-1
2020:12:10:06,7,525,20
2020:12:10:12,10,0,9
2020:12:10:18,-8,0,12
2020:12:11:00,-3,90,6
2020:12:11:06,7,435,19
2020:12:11:12,7,0,13
2020:12:11:18,-11,0,8
2020:12:12:00,-7,0,6
2020:12:12:06,4,0,12
2020:12:12:12,-11,0,-5
2020:12:12:18,3,0,15
2020:12:13:00,-3,0,-8
2020:12:13:06,-9,0,6
2020:12:13:12,6,0,-2
2020:12:13:18,5,0,11
2020:12:14:00,19,0,17
2020:12:14:06,6,15,17
2020:12:14:12,-8,0,9
2020:12:14:18,-6,15,11
2020:12:15:00,10,0,19
2020:12:15:06,6,15,17
2020:12:15:12,-6,0,13
2020:12:15:18,-11,0,6
2020:12:16:00,2,0,15
2020:12:16:06,1,0,7
2020:12:16:12,-11,0,4
2020:12:16:18,9,0,16
2020:12:17:00,13,0,17
2020:12:17:06,4,105,20
2020:12:17:12,0,0,17
2020:12:17:18,-9,0,11
2020:12:18:00,-2,0,15
2020:12:18:06,9,0,20
2020:12:18:12,5,0,20
2020:12:18:18,0,0,20
2020:12:19:00,-8,15,12
2020:12:19:06,-3,15,17
2020:12:19:12,-4,0,8
2020:12:19:18,3,60,20
2020:12:20:00,11,0,19
2020:12:20:06,0,0,20
2020:12:20:12,-4,0,15
2020:12:20:18,-2,0,18
2020:12:21:00,-3,0,12
2020:12:21:06,-9,0,9
2020:12:21:12,-2,0,10
2020:12:21:18,11,0,20
2020:12:22:00,7,0,17
2020:12:22:06,0,15,20
2020:12:22:12,-12,0,5
2020:12:22:18,-6,0,14
2020:12:23:00,-1,0,4
2020:12:23:06,2,0,16
2020:12:23:12,5,0,9
2020:12:23:18,3,0,19
2020:12:24:00,10,0,19
2020:12:24:06,-6,0,13
2020:12:24:12,-10,0,9
2020:12:24:18,1,0,14
2020:12:25:00,-6,0,3
2020:12:25:06,-2,0,12
2020:12:25:12,-20,0,-17
2020:12:25:18,6,0,18
2020:12:26:00,2,0,-15
2020:12:26:06,-6,0,12
2020:12:26:12,-3,0,-18
2020:12:26:18,8,0,20
2020:12:27:00,30,0,12
2020:12:27:06,-1,15,19
2020:12:27:12,-27,0,-15
2020:12:27:18,-34,0,-15
2020:12:28:00,17,0,2
2020:12:28:06,16,0,1
2020:12:28:12,0,0,2
2020:12:28:18,6,0,7
2020:12:29:00,1,0,3
2020:12:29:06,2,0,9
2020:12:29:12,-4,0,-1
2020:12:29:18,9,0,18
2020:12:30:00,-3,0,-4
2020:12:30:06,-7,0,11
2020:12:30:12,-1,0,-5
2020:12:30:18,7,0,18
2020:12:31:00,9,0,4
2020:12:31:06,-6,0,12
2020:12:31:12,-6,0,-2
2020:12:31:18,3,0,15
2021:01:01:00,19,0,17
2021:01:01:06,-3,0,12
2021:01:01:12,-2,0,15
2021:01:01:18,2,15,14
2021:01:02:00,-13,0,2
2021:01:02:06,-1,0,13
2021:01:02:12,-4,0,-2
2021:01:02:18,1,0,14
2021:01:03:00,20,0,18
2021:01:03:06,3,0,17
2021:01:03:12,-19,0,-1
2021:01:03:18,-5,0,12
2021:01:04:00,10,0,9
2021:01:04:06,5,0,17
2021:01:04:12,-4,0,5
2021:01:04:18,1,0,18
2021:01:05:00,8,0,13
2021:01:05:06,2,0,20
2021:01:05:12,5,0,18
2021:01:05:18,0,0,20
2021:01:06:00,2,0,20
2021:01:06:06,-7,0,13
2021:01:06:12,0,0,20
2021:01:06:18,-7,0,6
2021:01:07:00,-7,0,13
2021:01:07:06,3,0,9
2021:01:07:12,-2,555,11
2021:01:07:18,11,210,20
2021:01:08:00,-5,15,6
2021:01:08:06,-7,0,13
2021:01:08:12,8,225,14
2021:01:08:18,6,3705,19
2021:01:09:00,-14,4170,0
2021:01:09:06,-8,9120,11
2021:01:09:12,19,6630,19
2021:01:09:18,9,2850,20
2021:01:10:00,1,1080,20
2021:01:10:06,-3,810,17
2021:01:10:12,-4,0,16
2021:01:10:18,0,15,17
2021:01:11:00,2,0,18
2021:01:11:06,-3,0,14
2021:01:11:12,-13,0,5
2021:01:11:18,4,0,18
2021:01:12:00,1,0,6
2021:01:12:06,2,15,20
2021:01:12:12,0,30,6
2021:01:12:18,0,0,20
2021:01:13:00,14,0,20
2021:01:13:06,0,135,20
2021:01:13:12,-21,75,-1
2021:01:13:18,0,30,20
2021:01:14:00,7,0,6
2021:01:14:06,0,135,20
2021:01:14:12,3,180,9
2021:01:14:18,0,45,20
2021:01:15:00,-4,30,5
2021:01:15:06,-1,30,19
2021:01:15:12,-3,0,2
2021:01:15:18,1,0,20
2021:01:16:00,-8,0,-6
2021:01:16:06,-9,0,11
2021:01:16:12,-10,0,-16
2021:01:16:18,-10,0,1
2021:01:17:00,35,0,19
2021:01:17:06,9,0,10
2021:01:17:12,-19,0,0
2021:01:17:18,9,0,19
2021:01:18:00,15,0,15
2021:01:18:06,1,75,20
2021:01:18:12,-10,0,5
2021:01:18:18,-17,0,3
2021:01:19:00,5,15,10
2021:01:19:06,14,0,17
2021:01:19:12,0,0,10
2021:01:19:18,3,135,20
2021:01:20:00,-11,0,-1
2021:01:20:06,-14,0,6
2021:01:20:12,0,0,-1
2021:01:20:18,3,0,9
2021:01:21:00,9,0,8
2021:01:21:06,-4,0,5
2021:01:21:12,0,0,8
2021:01:21:18,-3,0,2
2021:01:22:00,-4,255,4
2021:01:22:06,10,90,12
2021:01:22:12,4,0,8
2021:01:22:18,-4,0,8
2021:01:23:00,4,0,12
2021:01:23:06,-5,0,3
2021:01:23:12,-15,0,-3
2021:01:23:18,5,0,8
2021:01:24:00,14,0,11
2021:01:24:06,10,0,18
2021:01:24:12,-3,0,8
2021:01:24:18,-2,0,16
2021:01:25:00,8,0,16
2021:01:25:06,-6,810,10
2021:01:25:12,1,0,17
2021:01:25:18,10,0,20
2021:01:26:00,-2,0,15
2021:01:26:06,-14,0,6
2021:01:26:12,-7,0,8
2021:01:26:18,2,0,8
2021:01:27:00,12,30,20
2021:01:27:06,12,15,20
2021:01:27:12,-15,0,5
2021:01:27:18,-2,0,18
2021:01:28:00,13,0,18
2021:01:28:06,2,0,20
2021:01:28:12,-11,0,7
2021:01:28:18,-14,0,6
2021:01:29:00,-4,0,3
2021:01:29:06,9,0,15
2021:01:29:12,2,0,5
2021:01:29:18,1,0,16
2021:01:30:00,-5,0,0
2021:01:30:06,-6,30,10
2021:01:30:12,-1,225,-1
2021:01:30:18,-4,0,6
2021:01:31:00,1,0,0
2021:01:31:06,4,0,10
2021:01:31:12,4,0,4
2021:01:31:18,-1,0,9
2021:02:01:00,0,0,4
2021:02:01:06,-8,0,1
2021:02:01:12,-4,0,0
2021:02:01:18,7,0,8
2021:02:02:00,4,0,4
2021:02:02:06,6,0,14
2021:02:02:12,2,0,6
2021:02:02:18,-4,0,10
2021:02:03:00,6,0,12
2021:02:03:06,-7,0,3
2021:02:03:12,-20,0,-8
2021:02:03:18,-9,0,-6
2021:02:04:00,28,0,20
2021:02:04:06,19,0,13
2021:02:04:12,-18,0,2
2021:02:04:18,-4,0,9
2021:02:05:00,18,75,20
2021:02:05:06,11,2445,20
2021:02:05:12,-6,30,14
2021:02:05:18,-2,870,18
2021:02:06:00,-4,0,10
2021:02:06:06,2,0,20
2021:02:06:12,8,390,18
2021:02:06:18,0,15,20
2021:02:07:00,2,45,20
2021:02:07:06,0,180,20
2021:02:07:12,-1,90,19
2021:02:07:18,-13,0,7
2021:02:08:00,-5,105,14
2021:02:08:06,13,0,20
2021:02:08:12,-2,0,12
2021:02:08:18,-7,0,13
2021:02:09:00,0,0,12
2021:02:09:06,1,0,14
2021:02:09:12,-4,210,8
2021:02:09:18,2,1500,16
2021:02:10:00,6,0,14
2021:02:10:06,-7,0,9
2021:02:10:12,-1,0,13
2021:02:10:18,1,0,10
2021:02:11:00,-6,0,7
2021:02:11:06,-3,0,7
2021:02:11:12,-1,0,6
2021:02:11:18,9,435,16
2021:02:12:00,14,735,20
2021:02:12:06,4,2115,20
2021:02:12:12,-7,0,13
2021:02:12:18,-5,0,15
2021:02:13:00,3,0,16
2021:02:13:06,-9,0,6
2021:02:13:12,-10,0,6
2021:02:13:18,12,0,18
2021:02:14:00,6,0,12
2021:02:14:06,-12,0,6
2021:02:14:12,8,165,20
2021:02:14:18,14,465,20
2021:02:15:00,0,375,20
2021:02:15:06,-3,300,17
2021:02:15:12,0,120,20
2021:02:15:18,-1,90,16
2021:02:16:00,-1,60,19
2021:02:16:06,-12,0,4
2021:02:16:12,-16,0,3
2021:02:16:18,10,0,14
2021:02:17:00,17,0,20
2021:02:17:06,6,0,20
2021:02:17:12,-21,0,-1
2021:02:17:18,-2,0,18
2021:02:18:00,10,0,9
2021:02:18:06,-2,15,16
2021:02:18:12,-5,0,4
2021:02:18:18,-7,0,9
2021:02:19:00,16,0,20
2021:02:19:06,8,0,17
2021:02:19:12,-12,0,8
2021:02:19:18,-7,0,10
2021:02:20:00,-1,0,7
2021:02:20:06,4,0,14
2021:02:20:12,-17,0,-10
2021:02:20:18,-12,0,2
2021:02:21:00,12,0,2
2021:02:21:06,0,0,2
2021:02:21:12,3,0,5
2021:02:21:18,10,1425,12
2021:02:22:00,6,1320,11
2021:02:22:06,8,1665,20
2021:02:22:12,9,2805,20
2021:02:22:18,0,1185,20
2021:02:23:00,-2,0,18
2021:02:23:06,-3,15,17
2021:02:23:12,1,0,19
2021:02:23:18,-7,30,10
2021:02:24:00,-4,30,15
2021:02:24:06,-3,0,7
2021:02:24:12,-14,0,1
2021:02:24:18,5,0,12
2021:02:25:00,7,0,8
2021:02:25:06,-6,0,6
2021:02:25:12,2,0,10
2021:02:25:18,-2,0,4
2021:02:26:00,-4,0,6
2021:02:26:06,10,15,14
2021:02:26:12,0,0,6
2021:02:26:18,0,0,14
2021:02:27:00,12,0,18
2021:02:27:06,-6,0,8
2021:02:27:12,-10,0,8
2021:02:27:18,5,0,13
2021:02:28:00,9,0,17
2021:02:28:06,7,30,20
2021:02:28:12,-16,0,1
2021:02:28:18,-9,0,11
2021:03:01:00,14,45,15
2021:03:01:06,6,180,17
2021:03:01:12,-8,60,7
2021:03:01:18,-3,75,14
2021:03:02:00,11,135,18
2021:03:02:06,0,135,14
2021:03:02:12,-8,30,10
2021:03:02:18,3,225,17
2021:03:03:00,10,45,20
2021:03:03:06,-2,0,15
2021:03:03:12,-14,0,6
2021:03:03:18,-17,0,-2
2021:03:04:00,7,0,13
2021:03:04:06,13,0,11
2021:03:04:12,-8,0,5
2021:03:04:18,-16,0,-5
2021:03:05:00,13,0,18
2021:03:05:06,18,0,13
2021:03:05:12,-16,0,2
2021:03:05:18,-2,0,11
2021:03:06:00,14,0,16
2021:03:06:06,6,30,17
2021:03:06:12,-6,375,10
2021:03:06:18,-14,780,3
2021:03:07:00,8,3240,18
2021:03:07:06,16,1410,19
2021:03:07:12,1,1905,19
2021:03:07:18,-6,1755,13
2021:03:08:00,1,2745,20
2021:03:08:06,3,2685,16
2021:03:08:12,-1,1605,19
2021:03:08:18,0,105,16
2021:03:09:00,-4,0,15
2021:03:09:06,-2,0,14
2021:03:09:12,0,60,15
2021:03:09:18,6,0,20
2021:03:10:00,-2,0,13
2021:03:10:06,0,15,20
2021:03:10:12,-4,0,9
2021:03:10:18,-12,0,8
2021:03:11:00,2,0,11
2021:03:11:06,5,0,13
2021:03:11:12,-1,0,10
2021:03:11:18,2,0,15
2021:03:12:00,9,0,19
2021:03:12:06,-12,0,3
2021:03:12:12,-9,0,10
2021:03:12:18,11,0,14
2021:03:13:00,5,0,15
2021:03:13:06,-1,0,13
2021:03:13:12,-9,0,6
2021:03:13:18,-2,0,11
2021:03:14:00,5,0,11
2021:03:14:06,-9,0,2
2021:03:14:12,-9,0,2
2021:03:14:18,10,0,12
2021:03:15:00,14,0,16
2021:03:15:06,5,0,17
2021:03:15:12,-8,0,8
2021:03:15:18,3,0,20
2021:03:16:00,7,0,15
2021:03:16:06,0,0,20
2021:03:16:12,-8,0,7
2021:03:16:18,-2,0,18
2021:03:17:00,6,0,13
2021:03:17:06,0,0,18
2021:03:17:12,-4,0,9
2021:03:17:18,-10,0,8
2021:03:18:00,-1,0,8
2021:03:18:06,8,0,16
2021:03:18:12,-7,0,1
2021:03:18:18,-6,0,10
2021:03:19:00,14,0,15
2021:03:19:06,-2,0,8
2021:03:19:12,3,960,18
2021:03:19:18,2,60,10
2021:03:20:00,-4,0,14
2021:03:20:06,2,0,12
2021:03:20:12,0,30,14
2021:03:20:18,-4,0,8
2021:03:21:00,-2,0,12
2021:03:21:06,-1,0,7
2021:03:21:12,-9,0,3
2021:03:21:18,2,0,9
2021:03:22:00,5,0,8
2021:03:22:06,0,0,9
2021:03:22:12,-2,0,6
2021:03:22:18,-3,0,6
2021:03:23:00,8,0,14
2021:03:23:06,2,0,8
2021:03:23:12,-10,0,4
2021:03:23:18,1,0,9
2021:03:24:00,10,0,14
2021:03:24:06,3,0,12
2021:03:24:12,-5,0,9
2021:03:24:18,-15,0,-3
2021:03:25:00,-6,0,3
2021:03:25:06,15,0,12
2021:03:25:12,6,0,9
2021:03:25:18,-10,0,2
2021:03:26:00,1,0,10
2021:03:26:06,18,15,20
2021:03:26:12,-2,0,8
2021:03:26:18,-4,0,16
2021:03:27:00,12,15,20
2021:03:27:06,0,0,16
2021:03:27:12,-24,0,-4
2021:03:27:18,-27,0,-11
2021:03:28:00,4,0,0
2021:03:28:06,12,0,1
2021:03:28:12,-11,0,-11
2021:03:28:18,-2,0,-1
2021:03:29:00,21,0,10
2021:03:29:06,14,0,13
2021:03:29:12,-16,0,-6
2021:03:29:18,-7,0,6
2021:03:30:00,12,0,6
2021:03:30:06,-3,0,3
2021:03:30:12,-17,0,-11
2021:03:30:18,3,0,6
2021:03:31:00,19,0,8
2021:03:31:06,-5,0,1
2021:03:31:12,-19,0,-11
2021:03:31:18,6,0,7
2021:04:01:00,11,0,0
2021:04:01:06,-7,0,0
2021:04:01:12,-5,0,-5
2021:04:01:18,5,0,5
2021:04:02:00,19,0,14
2021:04:02:06,13,0,18
2021:04:02:12,-4,0,10
2021:04:02:18,-13,0,5
2021:04:03:00,-2,0,8
2021:04:03:06,13,0,18
2021:04:03:12,-8,0,0
2021:04:03:18,-25,0,-7
2021:04:04:00,10,0,10
2021:04:04:06,21,0,14
2021:04:04:12,-2,0,8
2021:04:04:18,-7,0,7
2021:04:05:00,11,0,19
2021:04:05:06,12,0,19
2021:04:05:12,-19,0,0
2021:04:05:18,-17,0,2
2021:04:06:00,14,0,14
2021:04:06:06,13,0,15
2021:04:06:12,-22,0,-8
2021:04:06:18,-33,0,-18
2021:04:07:00,14,0,6
2021:04:07:06,21,0,3
2021:04:07:12,-32,0,-26
2021:04:07:18,-31,0,-28
2021:04:08:00,15,0,-11
2021:04:08:06,31,0,3
2021:04:08:12,7,0,-4
2021:04:08:18,-2,0,1
2021:04:09:00,24,75,20
2021:04:09:06,16,2655,17
2021:04:09:12,-10,2730,10
2021:04:09:18,-1,1740,16
2021:04:10:00,0,150,10
2021:04:10:06,1,195,17
2021:04:10:12,-1,285,9
2021:04:10:18,-10,15,7
2021:04:11:00,11,0,20
2021:04:11:06,13,630,20
2021:04:11:12,0,1035,20
2021:04:11:18,-3,75,17
2021:04:12:00,-9,0,11
2021:04:12:06,-19,0,-2
2021:04:12:12,-15,0,-4
2021:04:12:18,-15,0,-17
2021:04:13:00,-6,0,-10
2021:04:13:06,20,0,3
2021:04:13:12,-27,0,-37
2021:04:13:18,-22,0,-19
2021:04:14:00,32,0,-5
2021:04:14:06,19,0,0
2021:04:14:12,-17,0,-22
2021:04:14:18,-9,0,-9
2021:04:15:00,23,0,1
2021:04:15:06,20,0,11
2021:04:15:12,-21,0,-20
2021:04:15:18,-40,0,-29
2021:04:16:00,15,0,-5
2021:04:16:06,33,0,4
2021:04:16:12,-11,0,-16
2021:04:16:18,-2,0,2
2021:04:17:00,35,0,19
2021:04:17:06,10,0,12
2021:04:17:12,-18,0,1
2021:04:17:18,3,0,15
2021:04:18:00,19,0,20
2021:04:18:06,3,0,18
2021:04:18:12,-14,0,6
2021:04:18:18,-13,0,5
2021:04:19:00,-2,0,4
2021:04:19:06,-2,0,3
2021:04:19:12,-27,0,-23
2021:04:19:18,-23,0,-20
2021:04:20:00,14,0,-9
2021:04:20:06,29,60,9
2021:04:20:12,4,1350,-5
2021:04:20:18,11,1035,20
2021:04:21:00,19,390,14
2021:04:21:06,-2,765,18
2021:04:21:12,3,1005,17
2021:04:21:18,-4,30,14
2021:04:22:00,-2,75,15
2021:04:22:06,1,630,15
2021:04:22:12,3,1365,18
2021:04:22:18,-1,0,14
2021:04:23:00,-12,0,6
2021:04:23:06,-2,0,12
2021:04:23:12,-8,0,-2
2021:04:23:18,-1,15,11
2021:04:24:00,18,0,16
2021:04:24:06,-2,0,9
2021:04:24:12,-24,0,-8
2021:04:24:18,-10,90,-1
2021:04:25:00,21,45,13
2021:04:25:06,14,15,13
2021:04:25:12,-8,0,5
2021:04:25:18,-20,0,-7
2021:04:26:00,5,30,10
2021:04:26:06,27,15,20
2021:04:26:12,0,1095,10
2021:04:26:18,-13,0,7
2021:04:27:00,9,15,19
2021:04:27:06,12,465,19
2021:04:27:12,-5,840,14
2021:04:27:18,-5,360,14
2021:04:28:00,6,15,20
2021:04:28:06,4,540,18
2021:04:28:12,-5,1365,15
2021:04:28:18,1,180,19
2021:04:29:00,5,0,20
2021:04:29:06,1,585,20
2021:04:29:12,0,1395,20
2021:04:29:18,-2,0,18
2021:04:30:00,-1,0,19
2021:04:30:06,2,315,20
2021:04:30:12,1,885,20
2021:04:30:18,0,1995,20
2021:05:01:00,-4,300,16
2021:05:01:06,0,990,20
2021:05:01:12,4,600,20
2021:05:01:18,-10,0,10
2021:05:02:00,0,0,20
2021:05:02:06,10,330,20
2021:05:02:12,-9,1035,11
2021:05:02:18,-19,0,1
2021:05:03:00,-5,0,6
2021:05:03:06,13,0,14
2021:05:03:12,-22,0,-16
2021:05:03:18,-28,0,-14
2021:05:04:00,8,0,-8
2021:05:04:06,33,0,19
2021:05:04:12,6,0,-2
2021:05:04:18,-24,0,-5
2021:05:05:00,17,0,15
2021:05:05:06,20,0,15
2021:05:05:12,-22,0,-7
2021:05:05:18,-26,0,-11
2021:05:06:00,4,0,-3
2021:05:06:06,29,0,18
2021:05:06:12,-7,30,-10
2021:05:06:18,-28,0,-10
2021:05:07:00,19,0,9
2021:05:07:06,20,0,10
2021:05:07:12,-23,0,-14
2021:05:07:18,-27,0,-17
2021:05:08:00,21,0,7
2021:05:08:06,31,225,14
2021:05:08:12,-23,30,-16
2021:05:08:18,-14,0,0
2021:05:09:00,26,0,10
2021:05:09:06,-1,1275,-1
2021:05:09:12,-17,4140,-7
2021:05:09:18,11,15,10
2021:05:10:00,25,0,18
2021:05:10:06,-1,0,9
2021:05:10:12,-24,30,-6
2021:05:10:18,-24,0,-15
2021:05:11:00,18,0,12
2021:05:11:06,22,0,7
2021:05:11:12,-19,0,-7
2021:05:11:18,-29,0,-22
2021:05:12:00,14,0,7
2021:05:12:06,24,0,2
2021:05:12:12,-25,0,-18
2021:05:12:18,-13,0,-11
2021:05:13:00,23,0,5
2021:05:13:06,13,0,2
2021:05:13:12,-27,0,-22
2021:05:13:18,0,615,2
2021:05:14:00,41,0,19
2021:05:14:06,13,0,15
2021:05:14:12,-32,0,-13
2021:05:14:18,-40,0,-25
2021:05:15:00,4,0,-9
2021:05:15:06,35,0,10
2021:05:15:12,13,0,4
2021:05:15:18,-3,0,7
2021:05:16:00,7,0,11
2021:05:16:06,7,0,14
2021:05:16:12,-10,0,1
2021:05:16:18,-17,0,-3
2021:05:17:00,0,0,1
2021:05:17:06,15,0,12
2021:05:17:12,-15,0,-14
2021:05:17:18,-35,0,-23
2021:05:18:00,17,0,3
2021:05:18:06,37,0,14
2021:05:18:12,-15,0,-12
2021:05:18:18,-12,0,2
2021:05:19:00,23,0,11
2021:05:19:06,4,0,6
2021:05:19:12,-28,0,-17
2021:05:19:18,-29,0,-23
2021:05:20:00,14,0,-3
2021:05:20:06,31,0,8
2021:05:20:12,-33,0,-36
2021:05:20:18,-46,0,-38
2021:05:21:00,43,0,7
2021:05:21:06,49,0,11
2021:05:21:12,-13,0,-6
2021:05:21:18,-4,0,7
2021:05:22:00,22,0,16
2021:05:22:06,13,0,20
2021:05:22:12,-18,0,-2
2021:05:22:18,-34,0,-14
2021:05:23:00,12,60,10
2021:05:23:06,23,1485,9
2021:05:23:12,-26,7095,-16
2021:05:23:18,-23,3525,-14
2021:05:24:00,9,0,-7
2021:05:24:06,18,0,4
2021:05:24:12,-5,0,-12
2021:05:24:18,-27,0,-23
2021:05:25:00,32,0,20
2021:05:25:06,36,45,13
2021:05:25:12,-44,0,-24
2021:05:25:18,-34,0,-21
2021:05:26:00,28,0,4
2021:05:26:06,35,0,14
2021:05:26:12,-33,0,-29
2021:05:26:18,-35,0,-21
2021:05:27:00,22,0,-7
2021:05:27:06,20,0,-1
2021:05:27:12,-23,0,-30
2021:05:27:18,-34,0,-35
2021:05:28:00,14,0,-16
2021:05:28:06,25,0,-10
2021:05:28:12,-10,0,-26
2021:05:28:18,-19,0,-29
2021:05:29:00,10,0,-16
2021:05:29:06,24,0,-5
2021:05:29:12,-10,0,-26
2021:05:29:18,3,0,-2
2021:05:30:00,34,0,8
2021:05:30:06,19,0,17
2021:05:30:12,-17,825,-9
2021:05:30:18,-1,0,16
2021:05:31:00,17,0,8
2021:05:31:06,0,0,16
2021:05:31:12,0,0,8
2021:05:31:18,-16,0,0
2021:06:01:00,4,180,12
2021:06:01:06,13,105,13
2021:06:01:12,-1,4350,11
2021:06:01:18,3,1035,16
2021:06:02:00,9,15,20
2021:06:02:06,3,45,19
2021:06:02:12,-22,0,-2
2021:06:02:18,-29,0,-10
2021:06:03:00,18,0,16
2021:06:03:06,28,0,18
2021:06:03:12,-21,195,-5
2021:06:03:18,-14,0,4
2021:06:04:00,24,0,19
2021:06:04:06,13,0,17
2021:06:04:12,-7,2340,12
2021:06:04:18,-2,615,15
2021:06:05:00,8,30,20
2021:06:05:06,-5,720,10
2021:06:05:12,-21,3270,-1
2021:06:05:18,-12,495,-2
2021:06:06:00,11,0,10
2021:06:06:06,18,135,16
2021:06:06:12,-24,690,-14
2021:06:06:18,-35,0,-19
2021:06:07:00,26,0,12
2021:06:07:06,27,960,8
2021:06:07:12,-31,705,-19
2021:06:07:18,-18,0,-10
2021:06:08:00,28,0,9
2021:06:08:06,20,0,10
2021:06:08:12,-30,825,-21
2021:06:08:18,-12,0,-2
2021:06:09:00,33,0,12
2021:06:09:06,17,1950,15
2021:06:09:12,-26,2985,-14
2021:06:09:18,-27,0,-12
2021:06:10:00,24,0,10
2021:06:10:06,25,105,13
2021:06:10:12,-23,3855,-13
2021:06:10:18,-26,0,-13
2021:06:11:00,20,2325,7
2021:06:11:06,27,2025,14
2021:06:11:12,5,2895,12
2021:06:11:18,-4,0,10
2021:06:12:00,0,45,12
2021:06:12:06,6,945,16
2021:06:12:12,-21,1935,-9
2021:06:12:18,-31,0,-15
2021:06:13:00,6,0,-3
2021:06:13:06,22,45,7
2021:06:13:12,-19,45,-22
2021:06:13:18,-34,0,-27
2021:06:14:00,17,0,-5
2021:06:14:06,26,0,-1
2021:06:14:12,-17,0,-22
2021:06:14:18,-24,0,-25
2021:06:15:00,25,0,3
2021:06:15:06,33,0,8
2021:06:15:12,-29,0,-26
2021:06:15:18,-32,0,-24
2021:06:16:00,21,0,-5
2021:06:16:06,31,0,7
2021:06:16:12,-23,0,-28
2021:06:16:18,-30,0,-23
2021:06:17:00,39,0,11
2021:06:17:06,29,3930,6
2021:06:17:12,-12,1470,-1
2021:06:17:18,7,0,13
2021:06:18:00,18,0,17
2021:06:18:06,2,0,15
2021:06:18:12,-24,0,-7
2021:06:18:18,-30,0,-15
2021:06:19:00,17,0,10
2021:06:19:06,20,0,5
2021:06:19:12,-14,0,-4
2021:06:19:18,-20,0,-15
2021:06:20:00,8,0,4
2021:06:20:06,11,0,-4
2021:06:20:12,-31,0,-27
2021:06:20:18,-26,0,-30
2021:06:21:00,26,0,-1
2021:06:21:06,41,0,11
2021:06:21:12,-29,0,-30
2021:06:21:18,-36,0,-25
2021:06:22:00,41,0,11
2021:06:22:06,40,105,15
2021:06:22:12,-26,345,-15
2021:06:22:18,-25,585,-10
2021:06:23:00,30,480,15
2021:06:23:06,29,1335,19
2021:06:23:12,-9,525,6
2021:06:23:18,-13,0,6
2021:06:24:00,10,0,16
2021:06:24:06,8,0,14
2021:06:24:12,-27,0,-11
2021:06:24:18,-36,0,-22
2021:06:25:00,10,0,-1
2021:06:25:06,33,0,11
2021:06:25:12,-29,0,-30
2021:06:25:18,-40,0,-29
2021:06:26:00,35,0,5
2021:06:26:06,38,0,9
2021:06:26:12,-32,0,-27
2021:06:26:18,-30,0,-21
2021:06:27:00,41,0,14
2021:06:27:06,33,0,12
2021:06:27:12,-22,30,-8
2021:06:27:18,-6,0,6
2021:06:28:00,21,0,13
2021:06:28:06,14,45,20
2021:06:28:12,-13,0,0
2021:06:28:18,-25,0,-5
2021:06:29:00,11,0,11
2021:06:29:06,20,0,15
2021:06:29:12,-18,0,-7
2021:06:29:18,-26,0,-11
2021:06:30:00,20,0,13
2021:06:30:06,23,0,12
2021:06:30:12,-30,0,-17
2021:06:30:18,-34,0,-22
2021:07:01:00,29,0,12
2021:07:01:06,33,0,11
2021:07:01:12,-30,330,-18
2021:07:01:18,-16,0,-5
2021:07:02:00,27,0,9
2021:07:02:06,24,0,19
2021:07:02:12,-31,0,-22
2021:07:02:18,-41,0,-22
2021:07:03:00,29,0,7
2021:07:03:06,40,60,18
2021:07:03:12,-4,180,3
2021:07:03:18,-19,0,-1
2021:07:04:00,9,0,12
2021:07:04:06,21,0,20
2021:07:04:12,-17,0,-5
2021:07:04:18,-43,0,-23
2021:07:05:00,-3,0,-8
2021:07:05:06,40,0,17
2021:07:05:12,-19,0,-27
2021:07:05:18,-55,0,-38
2021:07:06:00,24,0,-3
2021:07:06:06,58,0,20
2021:07:06:12,-15,15,-18
2021:07:06:18,-27,0,-7
2021:07:07:00,31,0,13
2021:07:07:06,21,1530,14
2021:07:07:12,-11,2970,2
2021:07:07:18,-6,480,8
2021:07:08:00,6,0,8
2021:07:08:06,7,0,15
2021:07:08:12,-28,0,-20
2021:07:08:18,-39,0,-24
2021:07:09:00,27,0,7
2021:07:09:06,40,0,16
2021:07:09:12,-42,0,-35
2021:07:09:18,-58,0,-42
2021:07:10:00,26,0,-9
2021:07:10:06,40,0,-2
2021:07:10:12,-28,0,-37
2021:07:10:18,-29,0,-31
2021:07:11:00,43,0,6
2021:07:11:06,51,0,20
2021:07:11:12,-43,0,-37
2021:07:11:18,-57,0,-37
2021:07:12:00,38,0,1
2021:07:12:06,46,0,9
2021:07:12:12,-13,0,-12
2021:07:12:18,-12,0,-3
2021:07:13:00,9,0,-3
2021:07:13:06,3,0,0
2021:07:13:12,-15,0,-18
2021:07:13:18,-14,0,-14
2021:07:14:00,27,0,9
2021:07:14:06,28,0,14
2021:07:14:12,-24,0,-15
2021:07:14:18,-38,0,-24
2021:07:15:00,23,0,8
2021:07:15:06,39,0,15
2021:07:15:12,-37,0,-29
2021:07:15:18,-54,0,-39
2021:07:16:00,29,0,0
2021:07:16:06,45,0,6
2021:07:16:12,-35,0,-35
2021:07:16:18,-43,0,-37
2021:07:17:00,30,0,-5
2021:07:17:06,44,0,7
2021:07:17:12,-33,0,-38
2021:07:17:18,-49,0,-42
2021:07:18:00,27,0,-11
2021:07:18:06,48,0,6
2021:07:18:12,-22,0,-33
2021:07:18:18,-43,0,-37
2021:07:19:00,23,0,-10
2021:07:19:06,44,0,7
2021:07:19:12,-25,0,-35
2021:07:19:18,-47,0,-40
2021:07:20:00,16,270,-19
2021:07:20:06,43,4755,3
2021:07:20:12,12,0,-7
2021:07:20:18,-20,0,-17
2021:07:21:00,2,0,-5
2021:07:21:06,17,0,0
2021:07:21:12,-30,0,-35
2021:07:21:18,-35,0,-35
2021:07:22:00,21,0,-14
2021:07:22:06,38,0,3
2021:07:22:12,-28,0,-42
2021:07:22:18,-46,0,-43
2021:07:23:00,31,0,-11
2021:07:23:06,40,0,-3
2021:07:23:12,-33,0,-44
2021:07:23:18,-38,0,-41
2021:07:24:00,39,0,-5
2021:07:24:06,59,0,18
2021:07:24:12,-29,0,-34
2021:07:24:18,-60,0,-42
2021:07:25:00,24,0,-10
2021:07:25:06,47,0,5
2021:07:25:12,-24,0,-34
2021:07:25:18,-43,0,-38
2021:07:26:00,30,0,-4
2021:07:26:06,46,2910,8
2021:07:26:12,-23,630,-27
2021:07:26:18,-46,0,-38
2021:07:27:00,1,0,-26
2021:07:27:06,24,0,-14
2021:07:27:12,-19,0,-45
2021:07:27:18,-26,0,-40
2021:07:28:00,39,0,-6
2021:07:28:06,44,0,4
2021:07:28:12,-27,405,-33
2021:07:28:18,-36,0,-32
2021:07:29:00,23,0,-10
2021:07:29:06,34,0,2
2021:07:29:12,-21,0,-31
2021:07:29:18,-28,0,-26
2021:07:30:00,32,0,1
2021:07:30:06,43,0,17
2021:07:30:12,-10,0,-9
2021:07:30:18,-12,0,5
2021:07:31:00,21,0,12
2021:07:31:06,15,2655,20
2021:07:31:12,7,10200,19
2021:07:31:18,0,2430,20
2021:08:01:00,-8,30,11
2021:08:01:06,-11,390,9
2021:08:01:12,-24,0,-13
2021:08:01:18,-44,0,-35
2021:08:02:00,12,0,-1
2021:08:02:06,46,0,11
2021:08:02:12,-33,360,-34
2021:08:02:18,-39,0,-28
2021:08:03:00,26,0,-8
2021:08:03:06,29,0,1
2021:08:03:12,-19,0,-27
2021:08:03:18,-39,0,-38
2021:08:04:00,19,0,-8
2021:08:04:06,46,915,8
2021:08:04:12,21,2520,13
2021:08:04:18,-7,0,1
2021:08:05:00,1,0,14
2021:08:05:06,5,0,6
2021:08:05:12,-33,0,-19
2021:08:05:18,-36,0,-30
2021:08:06:00,25,0,6
2021:08:06:06,50,0,20
2021:08:06:12,-27,0,-21
2021:08:06:18,-52,0,-32
2021:08:07:00,21,0,0
2021:08:07:06,44,0,12
2021:08:07:12,-21,0,-21
2021:08:07:18,-43,0,-31
2021:08:08:00,19,0,-2
2021:08:08:06,34,0,3
2021:08:08:12,-33,0,-35
2021:08:08:18,-43,0,-40
2021:08:09:00,18,0,-17
2021:08:09:06,32,0,-8
2021:08:09:12,-32,0,-49
2021:08:09:18,-39,0,-47
2021:08:10:00,30,0,-19
2021:08:10:06,40,0,-7
2021:08:10:12,-32,0,-51
2021:08:10:18,-40,0,-47
2021:08:11:00,35,0,-16
2021:08:11:06,46,0,-1
2021:08:11:12,-27,0,-43
2021:08:11:18,-43,0,-44
2021:08:12:00,30,0,-13
2021:08:12:06,35,0,-9
2021:08:12:12,-33,0,-46
2021:08:12:18,-36,0,-45
2021:08:13:00,36,0,-10
2021:08:13:06,55,0,10
2021:08:13:12,-29,0,-39
2021:08:13:18,-54,0,-44
2021:08:14:00,25,0,-14
2021:08:14:06,48,0,4
2021:08:14:12,-38,0,-52
2021:08:14:18,-56,0,-52
2021:08:15:00,29,0,-23
2021:08:15:06,46,0,-6
2021:08:15:12,-18,0,-41
2021:08:15:18,-30,0,-36
2021:08:16:00,40,0,-1
2021:08:16:06,48,0,12
2021:08:16:12,-25,0,-26
2021:08:16:18,-38,0,-26
2021:08:17:00,22,0,-4
2021:08:17:06,36,0,10
2021:08:17:12,-30,0,-34
2021:08:17:18,-52,0,-42
2021:08:18:00,26,0,-8
2021:08:18:06,54,0,12
2021:08:18:12,-27,0,-35
2021:08:18:18,-52,0,-40
2021:08:19:00,29,0,-6
2021:08:19:06,54,3285,14
2021:08:19:12,-14,4800,-20
2021:08:19:18,-30,0,-16
2021:08:20:00,22,0,2
2021:08:20:06,30,2295,14
2021:08:20:12,-27,5145,-25
2021:08:20:18,-36,15,-22
2021:08:21:00,40,0,15
2021:08:21:06,38,5205,16
2021:08:21:12,-29,2475,-14
2021:08:21:18,-25,0,-9
2021:08:22:00,33,15,19
2021:08:22:06,27,0,18
2021:08:22:12,-30,5730,-11
2021:08:22:18,-31,0,-13
2021:08:23:00,11,0,0
2021:08:23:06,10,30,-3
2021:08:23:12,-31,0,-31
2021:08:23:18,-35,0,-38
2021:08:24:00,15,630,-16
2021:08:24:06,36,0,-2
2021:08:24:12,-17,0,-33
2021:08:24:18,-33,0,-35
2021:08:25:00,19,0,-14
2021:08:25:06,39,2865,4
2021:08:25:12,-9,2190,-23
2021:08:25:18,-25,0,-21
2021:08:26:00,27,0,4
2021:08:26:06,34,2610,13
2021:08:26:12,-26,5235,-22
2021:08:26:18,-29,0,-16
2021:08:27:00,25,0,3
2021:08:27:06,22,600,6
2021:08:27:12,-31,180,-28
2021:08:27:18,-42,0,-36
2021:08:28:00,15,0,-13
2021:08:28:06,32,0,-4
2021:08:28:12,-32,0,-45
2021:08:28:18,-46,0,-50
2021:08:29:00,28,0,-17
2021:08:29:06,52,0,2
2021:08:29:12,-21,0,-38
2021:08:29:18,-45,0,-43
2021:08:30:00,30,0,-8
2021:08:30:06,53,4605,10
2021:08:30:12,-15,6750,-23
2021:08:30:18,-29,990,-19
2021:08:31:00,21,1725,-2
2021:08:31:06,24,330,5
2021:08:31:12,-23,2190,-25
2021:08:31:18,-32,0,-27
2021:09:01:00,13,0,-12
2021:09:01:06,27,0,0
2021:09:01:12,-17,750,-29
2021:09:01:18,-18,285,-18
2021:09:02:00,31,0,2
2021:09:02:06,28,5985,10
2021:09:02:12,-3,2730,-1
2021:09:02:18,-3,135,7
2021:09:03:00,15,0,14
2021:09:03:06,7,1230,14
2021:09:03:12,-8,645,6
2021:09:03:18,-12,0,2
2021:09:04:00,9,0,15
2021:09:04:06,18,105,20
2021:09:04:12,-30,0,-15
2021:09:04:18,-49,0,-29
2021:09:05:00,17,0,2
2021:09:05:06,45,3690,16
2021:09:05:12,-23,5535,-21
2021:09:05:18,-38,0,-22
2021:09:06:00,35,0,14
2021:09:06:06,39,3030,17
2021:09:06:12,-33,555,-19
2021:09:06:18,-34,0,-17
2021:09:07:00,24,0,5
2021:09:07:06,16,0,-1
2021:09:07:12,-35,0,-30
2021:09:07:18,-30,0,-31
2021:09:08:00,25,0,-5
2021:09:08:06,39,30,8
2021:09:08:12,-19,0,-24
2021:09:08:18,-21,0,-13
2021:09:09:00,33,390,9
2021:09:09:06,33,975,20
2021:09:09:12,-14,0,-5
2021:09:09:18,-23,0,-3
2021:09:10:00,17,0,12
2021:09:10:06,23,0,20
2021:09:10:12,-18,0,-6
2021:09:10:18,-30,0,-10
2021:09:11:00,18,0,12
2021:09:11:06,27,135,17
2021:09:11:12,-23,2250,-11
2021:09:11:18,-29,2850,-12
2021:09:12:00,20,2385,9
2021:09:12:06,27,2535,15
2021:09:12:12,-29,1305,-20
2021:09:12:18,-35,0,-20
2021:09:13:00,33,0,13
2021:09:13:06,29,0,9
2021:09:13:12,-33,0,-20
2021:09:13:18,-28,0,-19
2021:09:14:00,23,0,3
2021:09:14:06,18,0,-1
2021:09:14:12,-22,0,-19
2021:09:14:18,-5,0,-6
2021:09:15:00,27,0,8
2021:09:15:06,26,390,20
2021:09:15:12,-2,0,6
2021:09:15:18,-21,0,-1
2021:09:16:00,4,0,10
2021:09:16:06,20,0,19
2021:09:16:12,-5,2940,5
2021:09:16:18,-8,75,11
2021:09:17:00,11,885,16
2021:09:17:06,7,495,18
2021:09:17:12,-21,1590,-5
2021:09:17:18,-27,225,-9
2021:09:18:00,18,3390,13
2021:09:18:06,24,3465,15
2021:09:18:12,5,4245,18
2021:09:18:18,3,1155,18
2021:09:19:00,2,0,20
2021:09:19:06,-4,0,14
2021:09:19:12,-29,0,-9
2021:09:19:18,-25,0,-11
2021:09:20:00,18,0,9
2021:09:20:06,22,75,11
2021:09:20:12,-14,1335,-5
2021:09:20:18,0,615,11
2021:09:21:00,17,0,12
2021:09:21:06,5,390,16
2021:09:21:12,-3,2010,9
2021:09:21:18,-1,1125,15
2021:09:22:00,1,180,10
2021:09:22:06,-3,1065,12
2021:09:22:12,4,1875,14
2021:09:22:18,0,780,12
2021:09:23:00,-5,750,9
2021:09:23:06,-5,1215,7
2021:09:23:12,-12,855,-3
2021:09:23:18,-18,0,-11
2021:09:24:00,5,0,2
2021:09:24:06,19,0,8
2021:09:24:12,-20,870,-18
2021:09:24:18,-16,30,-8
2021:09:25:00,28,0,10
2021:09:25:06,23,180,15
2021:09:25:12,-25,1170,-15
2021:09:25:18,-23,495,-8
2021:09:26:00,30,15,15
2021:09:26:06,20,0,12
2021:09:26:12,-27,0,-12
2021:09:26:18,-33,0,-21
2021:09:27:00,5,0,-7
2021:09:27:06,21,0,0
2021:09:27:12,-12,0,-19
2021:09:27:18,-17,0,-17
2021:09:28:00,33,0,14
2021:09:28:06,33,0,16
2021:09:28:12,-27,810,-13
2021:09:28:18,-23,1410,-7
2021:09:29:00,27,180,14
2021:09:29:06,20,0,13
2021:09:29:12,-11,480,3
2021:09:29:18,-9,795,4
2021:09:30:00,2,0,5
2021:09:30:06,10,0,14
2021:09:30:12,-21,0,-16
2021:09:30:18,-38,0,-24
2021:10:01:00,24,0,8
2021:10:01:06,40,150,16
2021:10:01:12,-29,0,-21
2021:10:01:18,-45,0,-29
2021:10:02:00,7,0,-14
2021:10:02:06,43,0,14
2021:10:02:12,-12,150,-26
2021:10:02:18,-41,0,-27
2021:10:03:00,5,0,-21
2021:10:03:06,8,15,-19
2021:10:03:12,19,330,-2
2021:10:03:18,32,645,13
2021:10:04:00,18,0,16
2021:10:04:06,-6,0,7
2021:10:04:12,-21,0,-5
2021:10:04:18,-17,0,-10
2021:10:05:00,10,0,5
2021:10:05:06,14,0,4
2021:10:05:12,-11,0,-6
2021:10:05:18,-17,0,-13
2021:10:06:00,25,0,19
2021:10:06:06,22,0,9
2021:10:06:12,-32,0,-13
2021:10:06:18,-26,0,-17
2021:10:07:00,24,0,11
2021:10:07:06,21,0,4
2021:10:07:12,-43,0,-32
2021:10:07:18,-27,0,-23
2021:10:08:00,35,0,3
2021:10:08:06,37,0,14
2021:10:08:12,-26,0,-23
2021:10:08:18,-39,0,-25
2021:10:09:00,25,0,2
2021:10:09:06,26,0,1
2021:10:09:12,-21,0,-19
2021:10:09:18,-18,0,-17
2021:10:10:00,37,0,18
2021:10:10:06,32,0,15
2021:10:10:12,-31,0,-13
2021:10:10:18,-37,0,-22
2021:10:11:00,22,0,9
2021:10:11:06,36,0,14
2021:10:11:12,-41,0,-32
2021:10:11:18,-48,0,-34
2021:10:12:00,28,0,-4
2021:10:12:06,54,0,20
2021:10:12:12,-29,0,-33
2021:10:12:18,-54,0,-34
2021:10:13:00,31,0,-2
2021:10:13:06,40,0,6
2021:10:13:12,-23,0,-25
2021:10:13:18,-31,0,-25
2021:10:14:00,21,0,-4
2021:10:14:06,38,0,13
2021:10:14:12,-16,0,-20
2021:10:14:18,-35,0,-22
2021:10:15:00,40,0,20
2021:10:15:06,38,0,16
2021:10:15:12,-40,0,-20
2021:10:15:18,-43,0,-27
2021:10:16:00,23,0,3
2021:10:16:06,28,0,1
2021:10:16:12,-28,0,-25
2021:10:16:18,-30,0,-29
2021:10:17:00,16,0,-9
2021:10:17:06,37,0,8
2021:10:17:12,-12,0,-21
2021:10:17:18,-23,0,-15
2021:10:18:00,20,0,-1
2021:10:18:06,28,0,13
2021:10:18:12,-11,0,-12
2021:10:18:18,-31,0,-18
2021:10:19:00,27,0,15
2021:10:19:06,34,0,16
2021:10:19:12,-34,0,-19
2021:10:19:18,-28,0,-12
2021:10:20:00,20,0,1
2021:10:20:06,15,0,3
2021:10:20:12,-16,0,-15
2021:10:20:18,-21,0,-18
2021:10:21:00,23,0,8
2021:10:21:06,28,0,10
2021:10:21:12,-23,0,-15
2021:10:21:18,-13,960,-3
2021:10:22:00,30,285,15
2021:10:22:06,19,390,16
2021:10:22:12,-24,15,-9
2021:10:22:18,-21,0,-5
2021:10:23:00,15,0,6
2021:10:23:06,15,0,10
2021:10:23:12,-32,0,-26
2021:10:23:18,-38,0,-28
2021:10:24:00,14,0,-12
2021:10:24:06,41,0,13
2021:10:24:12,-16,0,-28
2021:10:24:18,-55,0,-42
2021:10:25:00,-1,0,-29
2021:10:25:06,32,0,-10
2021:10:25:12,5,0,-24
2021:10:25:18,-11,0,-21
2021:10:26:00,36,0,12
2021:10:26:06,41,0,20
2021:10:26:12,-28,0,-16
2021:10:26:18,-33,0,-13
2021:10:27:00,19,0,3
2021:10:27:06,14,0,1
2021:10:27:12,-24,0,-21
2021:10:27:18,-27,0,-26
2021:10:28:00,39,0,18
2021:10:28:06,43,0,17
2021:10:28:12,-34,0,-16
2021:10:28:18,-33,0,-16
2021:10:29:00,12,0,-4
2021:10:29:06,10,240,-6
2021:10:29:12,4,1470,0
2021:10:29:18,13,885,7
2021:10:30:00,7,555,7
2021:10:30:06,7,1275,14
2021:10:30:12,4,0,11
2021:10:30:18,-2,0,12
2021:10:31:00,7,0,18
2021:10:31:06,-5,105,7
2021:10:31:12,-17,975,1
2021:10:31:18,-2,0,5
2021:11:01:00,4,0,5
2021:11:01:06,6,30,11
2021:11:01:12,-29,0,-24
2021:11:01:18,-33,0,-22
2021:11:02:00,15,0,-9
2021:11:02:06,22,0,0
2021:11:02:12,-21,0,-30
2021:11:02:18,-15,0,-15
2021:11:03:00,16,0,-14
2021:11:03:06,21,0,6
2021:11:03:12,5,0,-9
2021:11:03:18,-7,0,-1
2021:11:04:00,29,60,20
2021:11:04:06,16,0,15
2021:11:04:12,-13,75,7
2021:11:04:18,-4,0,11
2021:11:05:00,12,180,19
2021:11:05:06,3,0,14
2021:11:05:12,-11,0,8
2021:11:05:18,2,0,16
2021:11:06:00,-2,0,6
2021:11:06:06,2,0,18
2021:11:06:12,-12,0,-6
2021:11:06:18,-5,0,13
2021:11:07:00,-5,0,-11
2021:11:07:06,-16,0,-3
2021:11:07:12,-1,0,-12
2021:11:07:18,11,0,8
2021:11:08:00,23,0,11
2021:11:08:06,3,0,11
2021:11:08:12,-20,0,-9
2021:11:08:18,-4,0,7
2021:11:09:00,15,0,6
2021:11:09:06,5,0,12
2021:11:09:12,-16,0,-10
2021:11:09:18,-8,0,4
2021:11:10:00,30,60,20
2021:11:10:06,16,855,20
2021:11:10:12,-9,0,11
2021:11:10:18,-8,0,12
2021:11:11:00,9,180,20
2021:11:11:06,5,675,17
2021:11:11:12,0,375,20
2021:11:11:18,3,0,20
2021:11:12:00,-1,195,19
2021:11:12:06,0,495,20
2021:11:12:12,-10,15,9
2021:11:12:18,0,45,20
2021:11:13:00,0,0,9
2021:11:13:06,0,0,20
2021:11:13:12,-4,0,5
2021:11:13:18,-8,0,12
2021:11:14:00,12,15,17
2021:11:14:06,5,0,17
2021:11:14:12,-12,0,5
2021:11:14:18,-2,0,15
2021:11:15:00,13,30,18
2021:11:15:06,4,0,19
2021:11:15:12,-12,0,6
2021:11:15:18,-2,0,17
2021:11:16:00,9,0,15
2021:11:16:06,3,0,20
2021:11:16:12,2,0,17
2021:11:16:18,0,0,20
2021:11:17:00,3,0,20
2021:11:17:06,0,0,20
2021:11:17:12,-22,0,-2
2021:11:17:18,-8,0,12
2021:11:18:00,12,0,10
2021:11:18:06,7,0,19
2021:11:18:12,-2,0,8
2021:11:18:18,0,0,19
2021:11:19:00,12,0,20
2021:11:19:06,-9,0,10
2021:11:19:12,-23,0,-3
2021:11:19:18,-15,0,-5
2021:11:20:00,17,15,14
2021:11:20:06,15,0,10
2021:11:20:12,-4,0,10
2021:11:20:18,-3,390,7
2021:11:21:00,5,855,15
2021:11:21:06,13,510,20
2021:11:21:12,-5,285,10
2021:11:21:18,0,0,20
2021:11:22:00,0,0,10
2021:11:22:06,-11,360,9
2021:11:22:12,-7,420,3
2021:11:22:18,8,165,17
2021:11:23:00,13,2460,16
2021:11:23:06,-2,2805,15
2021:11:23:12,-4,3390,12
2021:11:23:18,-1,1695,14
2021:11:24:00,5,915,17
2021:11:24:06,5,1860,19
2021:11:24:12,-4,825,13
2021:11:24:18,-3,60,16
2021:11:25:00,6,0,19
2021:11:25:06,2,60,18
2021:11:25:12,1,195,20
2021:11:25:18,-3,0,15
2021:11:26:00,-10,0,10
2021:11:26:06,-1,0,14
2021:11:26:12,-3,0,7
2021:11:26:18,-10,0,4
2021:11:27:00,-3,0,4
2021:11:27:06,8,0,12
2021:11:27:12,2,0,6
2021:11:27:18,-8,0,4
2021:11:28:00,-10,0,-4
2021:11:28:06,-2,0,2
2021:11:28:12,-1,0,-5
2021:11:28:18,1,0,3
2021:11:29:00,1,0,-4
2021:11:29:06,12,0,15
2021:11:29:12,3,0,-1
2021:11:29:18,2,0,17
2021:11:30:00,21,0,20
2021:11:30:06,-2,0,15
2021:11:30:12,-21,0,-1
2021:11:30:18,-4,0,11
2021:12:01:00,21,15,20
2021:12:01:06,4,0,15
2021:12:01:12,-12,0,8
2021:12:01:18,0,0,15
2021:12:02:00,0,0,8
2021:12:02:06,-2,0,13
2021:12:02:12,-11,0,-3
2021:12:02:18,-7,0,6
2021:12:03:00,0,0,-3
2021:12:03:06,6,0,12
2021:12:03:12,2,0,-1
2021:12:03:18,6,0,18
2021:12:04:00,18,0,17
2021:12:04:06,-2,0,16
2021:12:04:12,-5,0,12
2021:12:04:18,-8,0,8
2021:12:05:00,-10,0,2
2021:12:05:06,5,0,13
2021:12:05:12,2,0,4
2021:12:05:18,-2,0,11
2021:12:06:00,6,0,10
2021:12:06:06,4,0,15
2021:12:06:12,-12,0,-2
2021:12:06:18,-5,0,10
2021:12:07:00,22,0,20
2021:12:07:06,4,0,14
2021:12:07:12,-18,30,2
2021:12:07:18,1,1785,15
2021:12:08:00,5,0,7
2021:12:08:06,-2,0,13
2021:12:08:12,6,120,13
2021:12:08:18,-7,0,6
2021:12:09:00,-3,0,10
2021:12:09:06,2,0,8
2021:12:09:12,-10,0,0
2021:12:09:18,3,0,11
,,,
,,,
,,,
,,,
,,,
,,,
,,,
,,,
,,,
,,,
,,,
,,,
,,,
,,,
,,,
,,,
,,,
,,,
,,,
,,,
,,,
,,,
,,,
,,,
,,,
,,,
,,,
,,,
,,,
,,,
,,,
,,,
,,,
,,,
,,,
,,,
,,,
,,,
,,,
,,,
,,,
,,,
,,,
,,,
,,,
,,,
,,,
,,,
,,,
,,,
,,,
,,,
,,,
,,,
,,,
,,,
,,,
,,,
,,,
,,,
,,,
,,,
,,,
,,,
,,,
,,,
,,,
,,,
,,,
,,,
,,,
,,,
,,,
,,,
,,,
,,,
,,,
,,,
,,,
,,,
,,,
,,,
,,,
,,,
,,,
,,,
,,,
,,,
,,,
,,,
,,,
,,,
,,,
,,,
,,,
,,,
,,,
,,,
